Title;Author full names;Year;Author Keywords;Abstract;DOI
Feasibility assessment of an efficient hydrogen-freshwater cogeneration system for remote mining area based on solid oxide electrolysis cell;"Li, L; Ma, X J; Xu, W P; Hu, S H; Kari, T";2025;"CYCLE; HEAT; Hydrogen production; INTEGRATION; OPTIMIZATION; PERFORMANCE; Solid oxide electrolyzer; TECHNOECONOMIC ANALYSIS; Triple effect evaporation; Waste heat utilization";Power to gas is one of the effective pathways to levelling out fluctuations of renewable energy, and solid oxide electrolysis cells (SOECs) have attracted more attention owing to high electrolytic efficiency. However, thermal management of electrolysis process is the crucial part to ensuring the efficiency. In this paper, an efficient hydrogen-freshwater cogeneration system based on SOEC and triple-stage flash evaporation is proposed. The SOEC subsystem is employed to convert surplus electricity to hydrogen, and the triple-stage flash evaporation subsystem is established to the cascade utilization of waste heat from the former. Moreover, the mining wastewater can be recycled to produce fresh water in this process. The feasibility assessment of the proposed system is conducted based on the system thermodynamic model. The results indicate that among the factors influencing system performance, current density exhibits the most significant impact on electrical efficiency, while vapor concentration has a notable effect on hydraulic efficiency. Increasing the current density from 2000 A/m2 to 8000 A/m2 caused the electrical efficiency to rise from 30.36 % to 90.05 %. Meanwhile, increasing the vapor concentration from 0.05 % to 0.45 % led to an increase in exergy efficiency from 82.05 % to 87.06 %. The optimal pressures for the three-stage flash process are 0.6, 0.55 and 0.35 bar for the first, second and third stages, respectively. Compared to a single SOEC system, the integrated system achieves 17.55 % higher exergy efficiency with freshwater production of 160 kg/h. and hydrogen output of 57.96 kg/h. This demonstrates the technical feasibility of the integrated system.;10.1016/j.applthermaleng.2025.128522
Study of hydrogen gas production coupled with phenol electrochemical oxidation degradation at different stages;"Ma, W; Cheng, Z H; Gao, Z X; Wang, R; Wang, B D; Sun, Q";2014;"ANODIC-OXIDATION; COD; DYES; ELECTROHYDROLYSIS; Electrochemical oxidation degradation; Energy efficiency; Hydrogen gas production; Kinetic; ORGANICS; PESTICIDE; Phenol; REMOVAL; WASTE-WATER";Hydrogen gas production coupled with phenol electrochemical oxidation was investigated in a novel two-region equipment. The phenol degradation, COD removal, hydrogen production, kinetic, Instantaneous Current Efficiency for COD removal (ICECOD), and hydrogen gas yield (Y-H2) of simulated phenol solution electrochemical oxidation degradation at 3 V applied voltage were surveyed. The results indicated that three stages were observed during the electrochemical oxidation of simulated phenol in this study. The kinetic study showed that first order model well described each stage of phenol electrochemical oxidation process. The ICECOD increased slightly at the initial stage, and dramatically at the second stage, while fell at the finally stage, indicating water molecules were finally participated in the formation of hydrogen due to the degradation of phenol and COD. Hydrogen products from redox reaction of H+ which release from the degradation of organics oxidation reaction at the anode. Furthermore, the mechanism was discussed and showed that phenol transformed into benzoquinone intermediate in the first step, then the ring was broken and further oxidized into organic compounds like muconic acid, maleic acid or oxalic acid as intermediates in the followed stage, and finally disintegrated into CO2 and H2O in electrochemical oxidation process, which demonstrated by the UV and LC-MS images analysis. It could be seen that hydrogen gas production coupled with organic wastewaters electrochemical oxidation would be an effective approach for energy recovery and wastewater reutilization. Crown Copyright (C) 2013 Published by Elsevier B.V. All rights reserved.;10.1016/j.cej.2013.12.031
Ni(OH)2 as Hole Mediator for Visible Light-Induced Urea Splitting;"Zhao, R; Schumacher, G; Leahy, S; Radich, J G";2018;"CADMIUM-SULFIDE; HYDROGEN GENERATION; N-CDSE; NANOCRYSTAL QUANTUM DOTS; NANOPARTICLES; OPTICAL-PROPERTIES; PHOTOCORROSION; SEMICONDUCTOR NANOCRYSTALS; SOLAR CELLS.; WATER";Urea is a small molecule produced in millions of tons per day and is ubiquitous in nature. Biological treatment is commonly used to oxidize the urea wastewater produced each day across the world, which produces additional solid waste and eliminates any potential for utilizing the stored chemical energy within. A solar waste-to-fuels concept is presented to synergistically produce hydrogen fuel from visible sunlight while remediating urea wastewaters. A cascade semiconductor-catalyst electrode assembly was designed to drive the photo conversion of urea to hydrogen. Proper band energy alignment facilitates catalyst activation via hole transfer across the semiconductor catalyst interface. Specifically CdS-sensitized TiO2 with Ni(OH)(2) urea electrocatalyst on fluorine-doped tin oxide coated glass was employed as photoanode. The steady-state response of the semiconductor catalyst electrode is investigated in a photoelectrochemical cell, and charge transfer and recombination kinetics are elucidated to identify limiting charge-transfer reactions within the electrode architecture. Back electron transfer from semiconductor to catalyst is found to be competitive with urea oxidation reaction, which hinders steady-state photoconversion efficiency. Furthermore, the photoanode rapidly decomposes in urea electrolyte solutions as a result of the water-mediated photocorrosion of chalcogenide electrodes. Passivation of CdS with ZnS prior to catalyst deposition significantly improves open-circuit potential and photostability.;10.1021/acs.jpcc.8b01116
Electronic modulation of nitride/hydroxide heterostructure for long-lasting urea oxidation reaction over 1000 h;"Niu, X J; Qian, G S; Bai, Y; Sun, S B; Zhou, L; Jiao, W Y; Li, J S";2026;"Heterostructure; Long-term stability; Nickel-iron based materials; Structure reconstruction; Urea electro-oxidation";The oxidation of urea holds great promise for the conversion of urea-rich wastewater into hydrogen (H2), thereby contributing to sustainable energy generation and environmental remediation. Consequently, it is of great significance to develop highly efficient and durable electrocatalysts toward urea oxidation reaction (UOR). Herein, a self-supported TiN@NiFe layered double hydroxide (LDH) heterostructure is elaborately designed and constructed through a facile three-step approach, wherein NiFe LDH nanosheets were grown in situ on TiN nanorod arrays. Benefitting from the synergistic contribution of component and heterostructure, the targeted TiN@NiFe LDH demonstrates exceptional catalytic performance for both the oxygen evolution reaction (OER) and UOR, achieving lower overpotentials of 251 +/- 2.5 mV and 148 mV to reach a current density of 100 mA cm- 2 along with impressive long-term durability exceeding 1000 h, respectively. Additionally, the electrolyzer assembled by anodic TiN@NiFe LDH and cathodic Pt/C requires an ultralow voltage of 1.58 V at 100 mA cm- 2 toward the urea electrolysis, excelling most urea-assisted water splitting devices previously reported. In situ Raman spectroscopy analyses reveal that the formation of the heterointerface in TiN@NiFe LDH facilitates interfacial charge transfer, which effectively facilities the surface reconstruction of NiFe LDH, thus boosting the kinetics of the UOR. DFT calculations confirm that the heterostructure lowers the reaction energy barrier of the rate-determining step, resulting in marked enhancement of catalytic UOR performance. Importantly, this work affords a new route in the design of NiFe-based electrocatalysts with improved catalytic activity and durability for green H2 production.;10.1016/j.cej.2026.173038
Robust and Highly Efficient Electrochemical Hydrogen Production from Hydrazine-Assisted Water Electrolysis Enabled by the Metal-Support Interaction of Ru/C Composites;"Wang, W T; Qian, Q Z; Li, Y P; Zhu, Y; Feng, Y F; Cheng, M Y; Zhang, H K; Zhang, Y Y; Zhang, G Q";2023;"BATTERIES; CATALYSTS; EVOLUTION; FUTURE; hybrid water electrolysis; hydrazine oxidation reaction; hydrogenevolution reaction; ruthenium-carboncomposite; theoreticalcalculations";Hydrazineoxidation-assisted water electrolysis provides a promisingway for the energy-efficient electrochemical hydrogen (H-2) and synchronous decomposition of hydrazine-rich wastewater, butthe development of highly active catalysts still remains a great challenge.Here, we demonstrate the robust and highly active Ru nanoparticlessupported on the hollow N-doped carbon microtube (denoted as Ru NPs/H-NCMT)composite structure as HER and HzOR bifunctional electrocatalysts.Thanks to such unique hierarchical architectures, the as-synthesizedRu NPs/H-NCMTs exhibit prominent electrocatalytic activity in thealkaline condition, which needs a low overpotential of 29 mV at 10mA cm(-2) for HER and an ultrasmall working potentialof -0.06 V (vs RHE) to attain the same current density forHzOR. In addition, assembling a two-electrode hybrid electrolyzerusing as-prepared Ru NPs/H-NCMT catalysts shows a small cell voltageof mere 0.108 V at 100 mA cm(-2), as well as the remarkablelong-term stability. Density functional theory calculations furtherreveal that the Ru NPs serve as the active sites for both the HERand HzOR in the nanocomposite, which facilitates the adsorption ofH atoms and hydrazine dehydrogenation kinetics, thus enhancing theperformances of HER and HzOR. This work paves a novel avenue to developefficient and stable electrocatalysts toward HER and HzOR that promisesenergy-saving hybrid water electrolysis electrochemical H-2 production.;10.1021/acsami.3c04342
The CoSe2 hollow cube/CoSe2 nanosheet interface catalyst for efficient electrolysis of urea-assisted hydrogen production at industrial-grade currents;"Lu, B R; Li, Z; Yin, J L; Zhu, K; Ye, K";2024;"Avoid CSOR; BIFUNCTIONAL ELECTROCATALYST; Interface strategy; Urea -rich water purification; Urea oxidation reaction; WATER";Cobalt-based catalysts are regarded as the most innovative catalyst in the urea oxidation reaction (UOR). Nevertheless, the activity limitation of Co-based catalysts by the unavoidable self-oxidation reaction of Co species (CSOR) during UOR is generally ignored. Therefore, the interface strategy was used to synthesize a CoSe2 hollow cube (HC)/CoSe2 nanosheet (NS) homogeneous interface catalyst to achieve bifunctional UOR and HER performance. In situ EIS, ex situ Raman spectroscopy, and ex situ XPS analysis verify the unique mechanism of the CoSe2 HC/CoSe2 NS interface in triggering UOR. Electrochemical activity tests demonstrated that CoSe2 HC/CoSe2 NS requires only 1.27 and 1.32 V of cell voltage to reach 10 mA cm(-2) in the overall urea electrolyzer (UOR || HER) and overall human urine electrolyzer (HUOR || HER) regimes, respectively. Moreover, under an industrial-grade current (500 mA cm(-2)), the cell voltage can be maintained at < 2 V for 110 h. Ultraviolet (UV) spectroscopy confirms the potential of CoSe2 HC/CoSe2 NS to degrade urea wastewater. Software simulations reveal the advantages of the unique interface strategy of CoSe2 HC/CoSe2 NS in the UOR process.;10.1016/j.apcatb.2024.123940
Environmental Reconstruction of Undercoordinated 2D MOF Based Nickel for Efficient Urea Oxygen Reaction;"Ge, K; Geng, Y X; Zhao, Y; Wang, Z Z; Wang, J J; Guo, Y C; Yang, M T; Cui, H; Hu, Y D; Shen, B X; Yang, Y F";2025;"ELECTROOXIDATION; Environmental Reconstruction; OXIDATION; Synergistic Engineering; Undercoordinated 2D MOFs; Urea Oxidation Reaction";The sluggish kinetics of the six-electron transfer process and the inevitable self-oxidation reaction of Ni species (NSOR) during the urea oxygen reaction (UOR) necessitate the development of efficient urea oxidation electrocatalysts. This study introduces a mild chemical modulation strategy, which is used to trigger the occurrence of UOR before NSOR via an environmental reconstruction of the undercoordinated 2D CoNi-MOF to CoNi-MOF@CoNi(OH)(2). In situ spectroscopic characterization and density functional theory (DFT) calculations reveal that the formation of metal hydroxides and the introduction of abundant oxygen defects on the surface of the 2D CoNi-MOF can optimize the electronic structure and significantly enhance the catalyst's adsorption capacity for urea molecules. The fabricated catalyst exhibits outstanding urea oxidation performance, achieving a remarkably low potential of 1.278 V at 10 mA cm(-2) and an ultra-low Tafel slope of 11.2 mV dec(-1), thus outperforming most reported metal oxides and hydroxides. These findings offer profound insights into the design and application of transition metal-based catalysts, particularly for advancing electrochemical hydrogen production and the efficient treatment of urea-rich wastewater.;10.1002/adfm.202505346
Synergistic yield of dual energy forms through biocatalyzed electrofermentation of waste: Stoichiometric analysis of electron and carbon distribution;"Nikhil, G N; Subhash, G V; Yeruva, D K; Mohan, S V";2015;"ANODE; BIOELECTRICITY; BIOHYDROGEN PRODUCTION; Bioelectricity; Biohydrogen; CONVERSION; ELECTROCHEMICAL SYSTEMS; Electron capture; Electron sink; HYDROGEN-PRODUCTION; MICROBIAL FUEL-CELLS; POWER-GENERATION; Proton harvest; SUBSTRATE; WATER TREATMENT";A novel BEF (biocatalyzed electrofermentor) is designed by hybridizing the functional properties of both MFC (microbial fuel cell) and acidogenic fermentation process (APP). This prototype facilitates potential synergy between the electrogenic and acidogenic processes to recover biohydrogen and bioelectricity with simultaneous wastewater treatment. The BEF was operated in three circuitry modes of operation viz., OC (open circuit), SC (short circuit) and CC (closed circuit) and the performance was compared with a control (without electrode assembly) with DSW (designed synthetic wastewater) having an organic load of 5000 mgL(-1). In comparison with other test conditions, CC mode with fixed external resistance (300 0) gave highest yields of power density (72 mW m(-2)) and biohydrogen production (343 mL). Besides, the BEF performance was sustained by the innate buffering capacity and the substrate-linked dehydrogenase enzyme activity. The CC mode comparatively excelled because it facilitates congenial ambiance for the enriched EAB (electroactive bacteria) resulting high rate of metabolic activity that paves way for higher substrate degradation and product conversion efficiency. The empirical analysis of electron and carbon distribution was in good agreement with the experimental results. The electron delivery kinetics studied using voltammetric technique confirmed electron transfer by the membrane bound redox mediators. The designed biocatalyzed electrofermentation unravels the scope to harness dual forms of energy along with waste remediation. (C) 2015 Elsevier Ltd. All rights reserved.;10.1016/j.energy.2015.05.043
Constructing built-in electric field in heterogeneous interface of V2O5/ MnFePBA for efficient oxygen evolution reaction and urea oxidation reaction;"Shi, Y F; Tang, F Q; Liang, L L; Zhu, J K; Jiang, J H; Bao, F X; Shi, C H; Yu, F; Hu, L B";2025;"Built-in electric field; MnFe prussian blue analogue; Oxygen evolution reaction; Urea oxidation reaction; V2O5";Developing heterojunction electrocatalysts with built-in electric field (BIEF) as bifunctional electrocatalysts for oxygen evolution reaction (OER) and urea oxidation reaction (UOR) to achieve clean hydrogen production and urea-containing wastewater degradation remains a significant challenge. Herein, we have ingeniously coated V2O5 on the surface of MnFe Prussian blue analogue (MnFePBA) nanospheres forming a heterojunction (V2O5/ MnFePBA) via a simple hydrothermal method, and meanwhile BIEF formed within a heterojunction, which was characterized by series of characterizations. Benefiting from the BIEF influence, the V2O5/MnFePBA electrocatalyst required merely 260 mV of overpotential to realized a high current density (100 mA cm(-2)) in an electrolyte of 1.0 M KOH. What's more important, at the same high current density, V2O5/MnFePBA also delivered a potential of 1.36 V vs. RHE in a mixed electrolyte composed by 1.0 M KOH and 0.5 M urea. DFT calculations further demonstrated that BIEF could effectively adjust the electronic structure, induce the movement of the d-band center, and optimize intermediate adsorption, thereby decreasing the energy barrier favorable for the rate-determining step, which could accelerated the OER/UOR kinetics rates, thus V2O5/MnFePBA as a bifunctional electrocatalyst realized an efficient catalysis for OER and UOR. This work offers a promising approach to construct heterojunction with BIEF for enhancing both OER and UOR performance to produce green hydrogen and address urea-containing wastewater.;10.1016/j.ijhydene.2025.05.185
Construction of Fe regulated NiMoN nanorods as an efficient electrocatalyst for overall water splitting and urea electrolysis;"Liu, L L; Chen, L L; Zhang, H M; Humayun, M; Liu, Y X; Duan, J H; Fu, Y J; Bououdina, M; Xue, X Y; Wang, C D";2026;"HIGHLY EFFICIENT; HYDROGEN; NANOSHEET";Rational design of low-cost, highly-efficient electrocatalysts for the hydrogen and oxygen evolution reactions (HER/OER) is critical to enable sustainable hydrogen production via water electrolysis. Herein, a novel nanorod array catalyst, Fe-NiMoN, has been rationally designed and directly grown on nickel foam (NF) via a facile hydrothermal method followed by nitridation treatment. The novel 3D porous nanorod architecture is favorable for providing abundant active sites, accelerating mass diffusion/electron transfer, and facilitating gas release. In addition, density functional theory (DFT) simulations reveal that Fe doping shifts the d-band center of NiMoN away from the Fermi level compared to the undoped NiMoN, thereby reducing the hydrogen adsorption free energy (Delta GH*) toward 0, which in turn enhances the HER activity. Consequently, the Fe-NiMoN catalyst delivers exceptional bifunctional electrocatalytic activity in alkaline media, requiring low overpotentials of 17 mV (HER) and 238 mV (OER) to achieve 10 mA cm-2. Notably, the Fe-NiMoN catalyst assembled into a two-electrode alkaline electrolyzer requires a voltage of only 1.504 V to achieve a current density value of 10 mA cm-2, with no performance declining after 100 h of steady operation. Moreover, for urea-assisted electrolysis, it can deliver 10 mA cm-2 at only 1.367 V. Overall, this work provides a strategy for synthesizing desirable electrocatalysts for green hydrogen production coupled with wastewater treatment.;10.1039/d5nr03552j
Potential-controlled pathway bifurcation governs product selectivity in nickel-catalyzed urea oxidation;"Kwon, S; Kwon, D; Lin, T J; Lee, E; Lee, H; Kong, T H; Cha, J; Cheng, M J; Kim, W; Kwon, Y";2026;"Dehydrogenation pathway; ELECTROCHEMICAL ALCOHOL; ELECTRODES; ELECTROOXIDATION; EVOLUTION; MECHANISM; NiOOH; OXIDE; Pathway-dependent selectivity; Urea oxidation reaction";The urea oxidation reaction (UOR) is a promising anodic process for energy-efficient hydrogen production and wastewater remediation, yet persistent nitrogen oxyanion formation on Ni-based catalysts suggests unresolved mechanistic complexity. Here, we investigate two coexisting dehydrogenation pathways in UOR: an indirect NiOOH-mediated route and a direct electrochemical route. Quantitative three-step rate deconvolution reveals that the indirect pathway is largely insensitive to electrolyte pH and applied potential within the pre-OER region, whereas the direct pathway exhibits strong pH and potential dependence. Notably, the fraction of indirect current scales quantitatively with N2 selectivity, establishing a direct link between pathway-resolved kinetics and product distribution, consistent with observations from in situ ATR-SEIRAS and kinetic isotope analysis. Density functional theory calculations reveal that the relative contributions of these pathways are governed by potentialdependent surface hydroxylation. At low potentials, adjacent Ni sites enable bidentate urea adsorption and N-N coupling, favoring N2 formation. At higher potentials, increased OH coverage blocks neighboring sites, enforces monodentate adsorption, and promotes C-N bond cleavage, leading to NOx - formation. Collectively, these findings provide an extended mechanistic framework for UOR, highlighting the role of surface hydroxyl coverage in governing pathway-dependent bond cleavage and product selectivity.;10.1016/j.apcatb.2026.126982
Direct urea oxidation pathway enabled by Mo-regulated Ni2P-MoOx heterostructures on black phosphorus for wastewater remediation;"Wen, W; Fu, Z M; Zhao, M; Gao, N; Yan, Q Y; Qiang, L W; He, S; Wang, Z; Shi, L F; Xiao, H; Jia, J F";2025;"ATOM; Black phosphorus (BP); Direct oxidation; Electrosynthesis; Ni; Urea oxidation reaction (UOR)";Electrocatalytic urea oxidation reaction (UOR) offers a sustainable route for wastewater remediation and energysaving hydrogen production, yet its efficiency is hindered by the sluggish kinetics of conventional nickel-based catalysts following an indirect oxidation mechanism. Here, we report a Mo-regulated Ni2P-MoOx heterostructure anchored on black phosphorus (BP) nanosheets, synthesized via an innovative electrolysis-solvothermal strategy, which shifts the UOR pathway from indirect to direct oxidation. Unlike traditional NiOOH-mediated processes, which require prior Ni2 + oxidation, the in-situ Raman and LSV results indicate that this catalyst enables urea oxidation at unprecedentedly low potentials (1.31 V vs. RHE at 10 mA cm-2) before Ni2+ self-oxidation, thereby reducing the overpotential by 245 mV relative to oxygen evolution. Advanced in-situ characterizations (In-situ FTIR, In-situ Raman, In-situ EIS) and electronic structure analyses elucidate that Mo dopants with electrondeficient 4d orbitals synergistically enhance urea adsorption via carbonyl coordination and optimize charge transfer through interfacial electronic coupling with Ni2P, while phosphorus modulates the d-band center. This unique configuration promotes the direct dehydrogenation of adsorbed urea by electrophilic OH species, accelerates C-N cleavage, and minimizes harmful byproducts. This Ni2P-MoOx/BP catalyst sustains 55 h operation at 50 mA cm-2, demonstrating exceptional stability. This work establishes a paradigm for steering reaction mechanisms through electronic engineering, offering transformative insights for designing energy-efficient electrocatalysts for complex molecule valorization.;10.1016/j.jallcom.2025.184013
An insight of photoelectrochemical driven urea oxidation from nickel manganese oxide nanostructures;"Devi, S; Kumari, S; Jha, M";2024;"CATALYSTS; EFFICIENT WATER; ELECTROOXIDATION; NANOFIBERS; NANOSHEET ARRAYS; NI FOAM; Nanoparticles; Nickel manganese oxide; Photo electrocatalysis; Photoanode; SUPERCAPACITOR; Urea oxidation reaction (UOR)";Nickel manganese spinel oxide finds tremendous application in electronic and electrochemical devices because of its high redox activity and better durability. Here, we have stabilized nickel rich, nickel manganese oxide Ni6MnO8 through chemical route and studied their application in electrochemical urea oxidation. The as-prepared Ni6MnO8 affords a two-fold high performance toward urea oxidation reaction as photoanode with a maximum peak current density of 44.58 mAcm ? 2 and exhibited low overpotential of 1.39 V at 10 mAcm ? 2. Smaller Tafel slope value (16 mV/decade) and 12 h chronoamperometry stability show faster rate kinetics and better durability as photoanode electrocatalyst for urea electrocatalysis. The robust photoelectrochemical urea oxidation is due to Ni2+/Ni3+ redox active species. The present work is sunlight-driven and sustainable approach for hydrogen production and remediation for urea-rich wastewater. It is the first time Ni6MnO8 used as promising photoanode for urea electrocatalysis.;10.1016/j.matchemphys.2023.128834
Facile synthesis of Ni doped CoWO4 nanoarrays grown on nickel foam substrates for efficient urea oxidation;"Chen, N N; Wang, Y H; Du, X Q; Zhang, X S";2021;"CATALYST; Density functional theory; ELECTROCATALYST; ELECTRODE; Electrocatalytic; FILM; HETEROSTRUCTURES; HYDROGEN; NANORODS; NANOSHEET ARRAYS; NANOWIRE ARRAYS; Ni doped CoWO4; Ni foam; STABILITY; Urea electrolysis";Urea electrolysis is a promising technology for hydrogen production, which can alleviate environmental pollution of urea-rich wastewater. It's worth noting that electrochemistry activity can be significantly improved by reasonably regulating the electron configuration around the active site for the doped materials. In this work, a series of well-tuned Ni doped CoWO4 nanoarrays on Ni foam supports have been prepared through a typical hydrothermal approach for the first time. Moreover, the resulting Ni-CoWO4-2 material significantly promotes urea oxidation performance with an applied potential of 1.35 V at 50 mA cm(-2), which is lower than that of water oxidation reaction (1.60 V). Density functional theory results suggest that the Ni doped CoWO4 has larger urea adsorption energy compared with CoWO4 and the CO(NH2)(2) molecule is strongly adsorbed on surface of Ni doped CoWO4, which is beneficial to accelerate the kinetics of the reaction and improve the electrocatalytic activity of the urea electrolysis. (C) 2021 Hydrogen Energy Publications LLC. Published by Elsevier Ltd. All rights reserved.;10.1016/j.ijhydene.2021.05.038
Enabling microbial electrolysis cell scale-up via electrochemistry-, hydrodynamic-, and microbial ecology-informed framework;"Kim, D; Yun, N K Y; Du, H A; Li, C; Preheim, S; Rossi, R";2026;"AIR-CATHODE; ANION; FUEL-CELLS; Flow path; GENERATION; Hydrogen production rate; LIMITS; Microbial electrolysis cell; PERFORMANCE; RESISTANCE; Scale-up; TRANSPORT; Zero-gap MEC";"Microbial electrolysis cells (MECs) can produce green hydrogen while removing organic contaminants from liquid waste streams by leveraging the metabolic activity of electroactive microorganisms. Despite their potential in a sustainable, circular economy, large-scale MECs that can treat relevant volumes of wastewater have failed to deliver performance proportional to their lab-scale counterparts. The reason behind this lower performance at scale remains unclear. In this study, we developed a combined electrochemistry-, hydrodynamic-, and microbial ecology-informed framework to analyze and optimize MEC performance during scale-up, enabling accurate quantification of major limitations and the identification of strategies to overcome them, ultimately facilitating equivalent performance at scale. Applying this framework to the scale-up of a zero-gap MEC from 9 cm2 electrode area to 100 cm2 electrode area, resulted in similar maximum current densities in a 100 cm2 MEC (21.7 f 1.1 A/ m2) compared to a 9 cm2 system (25.1 f 2.7 A/m2), as well as equivalent hydrogen production rates of 69.3 L/Ld (100 cm2) and 67.7 f 2.4 L/L-d (9 cm2). COMSOL flow dynamics simulations were used to scale up the reactor configuration without negatively affecting electrolyte velocity and distribution in the cell, minimizing the increase in internal resistances during scale-up (11.7 f 0.5 mS2m2 at 9 cm2; 19.7 f 1.3 mS2m2 at 100 cm2). Microbial community structures were assessed at both scales using high-throughput sequencing, highlighting the differences of populations across electrode dimensions and operational parameters. The framework presented here accelerates the development of effective strategies toward the scale-up of MECs by furthering the understanding of how electrochemical, hydrodynamic, and microbial ecology parameters change as the reactor dimension is increased. Ultimately, this approach contributes to advancing electrochemical biotechnology toward practical deployment in energy-efficient wastewater treatment systems.";10.1016/j.watres.2026.125503
Instigating the mixed phases of cobalt oxide in nanowires for electrolysis of urea-based water;"Bhide, A; Gupta, S; Bhabal, R; Fernandes, R; Patel, M; Patel, N";2026;"BIFUNCTIONAL ELECTROCATALYST; CO3O4 NANOSTRUCTURES; Electrochemistry; Kinetics; Mixed phase material; Oxygen vacancy; Urea splitting";The urea oxidation reaction (UOR) offers a more energy-efficient alternative to water splitting, with a lower theoretical potential of 0.37 V and the possibility of using urea-based wastewater as an electrolyte. In this study, phosphorus/boron-incorporated cobalt oxide nanowires supported on nickel foam (P,B-CoxOy NW@NF) are synthesized by hydrothermal and reduction methods as an electrocatalyst for UOR. The P,B-CoxOy NW@NF demonstrates exceptional electrocatalytic performance with a low UOR potential of 1.33 V at 50 mA/cm2 in alkaline media. Comprehensive structural and morphological analyses reveal the formation of mixed Co3O4-CoO phases with abundant oxygen vacancies (Ov) and Co2+ species, which synergistically enhance conductivity and provide ideal surroundings for active M-OOH species formation. In-situ electrochemical kinetic studies highlight the superior catalytic activity of P,B-CoxOy NW@NF, attributed to a high density of active sites, improved reactant adsorption, and efficient desorption of byproducts, including CO2. The catalyst exhibits excellent longterm stability with minimal degradation of 7 % over 100 h of continuous chronoamperometry testing and 2 % loss after 10,000 cycles. Furthermore, the activity of P,B-CoxOy NW@NF is evaluated in alkaline natural cow urine, requiring just 1.35 V at 50 mA/cm2 for UOR, demonstrating its practical relevance for real-world applications. These findings showcase the significant potential of P,B-CoxOy NW@NF as a scalable and stable electrocatalyst for sustainable hydrogen production from wastewater.;10.1016/j.fuel.2025.136181
Influence of the Urine Matrix on the Electrochemical Oxidation of Urea with Nickel Catalysts for Nitrogen Removal Treatments;"Benyahia, R; Rebiai, L; Bah, K; Torralba, E; Muller-Bouvet, D; Guérin-Rechdaoui, S; Rocher, V; Cachet-Vivier, C; Bastide, S";2026;"ACID; ELECTROOXIDATION; Nickel hydroxide; Nickel oxyhydroxide; Urea electrooxidation; Uric acid; Urine";Urea oxidation in urine is an alternative process that can couple nitrogen removal from wastewater with low-cost green hydrogen production. To date, very few studies have examined how the urine matrix affects urea electrolysis compared to urea model solutions. In this work, nickel and the allotropic forms of Ni(OH)(2)/NiOOH, the alpha/gamma and beta/beta catalytic pairs, obtained through electrodeposition and post-treatments, were tested for this purpose in alkalinized synthetic urine. The alkalinization step, necessary for nickel-based electrocatalysis, leads to a precipitate of Ca-5(PO4)(3)OH and Mg(OH)(2), with 45% of phosphorus recovered. Voltammetry revealed a reduced anodic peak current compared to urea solutions, due to adsorbed organic molecules (uric acid, creatinine, citrate), which shift the potential anodically. Consequently, 2 to 5 times longer electrolyses are needed to pass the same charge. Oxidation products formed in urine are comparable to those in a urea solution: NO2-, N-2 and O-2, but with significantly lower faradaic efficiencies (e.g., -25% for N-2). Part of the charge (up to 42%) is involved in the oxidation of organic molecules, particularly uric acid (favored on the beta/beta pair). Low selectivity to N-2 and a decreasing current during electrolysis are also encountered in synthetic urine. However, electrode aging is less pronounced, possibly due to the lower current densities involved. For hydrogen production, the additional charge is an advantage since organic molecules are also oxidized at a lower potential than that of water. However, if the main purpose of urine treatment is nitrogen removal, then more energy is required.;10.1007/s12678-026-01026-z
Tailoring Built-In Electric Field and Superhydrophilic-Superaerophobic Surface of Fe-Doped NiTe/NiSe2 Heterojunction for Efficient Electrocatalytic Urea Oxidation;"Lei, M J; Zhao, Y; Sun, X J; Pan, Y; Liu, Y D; Kang, J Y; Wei, D Y; Zou, L Y; Pei, Y";2026;"NiTe/NiSe2 heterojunction interface; hydrogen production; superhydrophilic/aerophobic surface; urea oxidation reaction";"Electrocatalytic urea oxidation reaction (UOR) holds great promise in green energy conversion and pollutant degradation with low energy-consumption. Herein, Fe-NiTe/NiSe2 nanosheets array with super-hydrophilic/aerophobic surface and enhanced built-in electric field is constructed. The surface hydrophilic/aerophobic properties enabling rapid bubble nucleation and efficient detachment, liberating covered active sites, thus improving the surface adsorption kinetics of urea molecular and OH-. Moreover, Fe incorporation accelerates charge transfer and modulates the built-in electric field at the NiTe/NiSe2 heterojunction interface. This reduces the surface reconstruction potential and optimizes the occupancy of hybrid anti-bonding (d-delta)* orbitals, leading to the formation of electron-rich region (Fe-NiTe) and electron-deficient region (Fe-NiSe2), which preferentially adsorbs the electron-withdrawing (C & boxH;O) and electron-donating (& horbar;NH2) groups of urea, respectively, thereby optimizing the adsorption energy of urea molecules. Therefore, the Fe-NiTe/NiSe2 heterojunction exhibits excellent alkaline UOR performance, requiring only 1.447 VRHE to deliver a current density of 100 mA cm-2, which it can maintain for over 90 h. The Fe-NiTe/NiSe2 (+) parallel to Pt/C (-) urea electrolyzer can maintain stable for 150 h at 100 mA cm-2. This work offers a macro- and microscopic coupling engineering strategy to address the surface and intrinsic properties for alkaline UOR, holding significant practical value for advancing energy-efficient hydrogen production and wastewater treatment.";10.1002/adfm.202527710
In-situ reconstitution of Ni(III)-based active sites from vanadium doped nickel phosphide/metaphosphate for super-stable urea-assisted water electrolysis at large current densities;"Li, X M; Han, B B; Cao, S Y; Bai, H T; Li, J D; Du, X H";2025;"CATALYSTS; HYDROGEN; Heterogeneous structure construction; Oxygen evolution reaction; PHOSPHATE; STABILITY; Urea assisted water electrolysis; Urea oxidation reaction; Vanadium doping";Efficient bifunctional electrocatalysts towards oxygen evolution reaction (OER) and urea electrooxidation reaction (UOR) are urgently needed for hydrogen production from urea-containing wastewater electrolysis. The main challenge lies in the sluggish UOR kinetics and the stability of catalyst under practical high current density. Here, a vanadium doped heterostructure of Ni(PO3)2/Ni2P with shaggy nanosheet morphology was successfully synthesized. The doping of V atoms promotes the formation of Ni(PO3)2/Ni2P heterojunction in phosphating process. It is demonstrated that V-doped Ni(PO3)2/Ni2P accelerates the generation of real active site V@NiOOH in OER and UOR processes, which can also be stabilized by the PO3- ions. The in-situ formed V@NiOOH increases the adsorption energy of urea molecule, and reduces the adsorption energy of key intermediates *COO, thus facilitating the release of CO2 product from the catalyst surface. The energy barrier of *HNCON to *NCON is also reduced dramatically, promoting the kinetics of UOR. In addition, the shaggy nanosheets morphology provides large number of catalytic sites and transport channels, which are conducive to mass transfer under high current density. As a result, the V-Ni(PO3)2/Ni2P electrode based anion-exchange membrane (AEM) electrolyzer needs only 1.61 V to drive the total urea electrolysis at an industrial grade current density of 550 mA cm-2 with an outstanding durability of 700 h. This work paves the way for designing practical efficient and stable electrocatalyst for urea contained wastewater electrolysis to produce hydrogen.;10.1016/j.jcis.2024.11.025
Electrolysis characterization of saline wastewater discharged from a subsurface pipe in saline-alkali land;"Yang, C K; Liu, H G; Gong, P; Li, P F; Li, L";2023;"DRAINAGE; NITRATE; Non-point source pollution; POLLUTION; Resource utilization; Saline wastewater; Saline-alkali land";We improved the design of an ion membrane electrolysis device to assess its use for electrolytic desalination and hydrogen production utilizing wastewater discharged from a subsurface drainage pipe in saline-alkali land. The device can reduce the waste of water resources and agricultural non-point source pollution. The electrolysis performance is low due to the low concentration of salts and complex ionic species in the drainage water from subsurface pipes of farmland. A one-factor quantitative experimental study was conducted to assess the influence of the electrolysis parameters on the electrolytic characteristics. Multifactor synergistic optimization of the parameters was performed. The results indicate different degrees of linear correlations between the hydrogen and chlorine gas production rates and the current density (CD) for different process parameters. Different factors have different degrees of influence on the electrolysis characteristics, and factor interactions occur. The optimization model describing the effects of multiple factors on the final current density (FCD), pH value after reaction (ARP), and energy consumption rate (ECR) is reliable and stable. The optimized operating parameters included a brine concentration (BC) of 3.6 mol.L-1, before reaction pH (BRP) value of 9, working voltage (WV) of 12.2 V, and electrode immersion depth (EID) of 22.5 cm. Under these conditions, the FCD is 183.03 mA.cm(-2), the ARP is 13.99, and the ECR is 24,586.50 kW.h/kg. The proposed method substantially improves the electrolysis performance. The results provide theoretical and technical support for utilizing saline wastewater discharged from saline-alkaline land.;10.1016/j.jwpe.2023.104265
Synergistic electrocatalytic performance of nano-sized 1D Pd-MOF/NF for urea oxidation in alkaline media;"Ismail, K M; Hassan, H B; Hassan, S S; Sultan, M A";2026;"1D Pd-MOF; Cyclic voltammetry; DFT; EFFICIENT ELECTROCATALYST; ELECTRO-CATALYTIC OXIDATION; ELECTROCHEMICAL OXIDATION; Electrocatalysis; Electrooxidation; FORMIC-ACID; GALVANIC REPLACEMENT; HIGHLY EFFICIENT; HYDROGEN EVOLUTION; LAYERED DOUBLE HYDROXIDE; NI FOAM; NICKEL METAL; Nickel foam; Urea";"Urea is widely recognized as a promising energy source due to its abundance in the environment. Its electrooxidation offers a sustainable pathway for hydrogen generation and wastewater treatment. In this work, a nano-sized one-dimensional palladium metal-organic framework (1D Pd-MOF) was synthesized via a chemical route and drop-cast onto nickel foam (NF), serving as an efficient catalyst promoter for the electrooxidation of urea. The fabricated electrodes were characterized using SEM coupled with EDX and elemental mapping, ICP-OES, XRD, and XPS. Electrochemical evaluations revealed a substantial enhancement in urea oxidation current density, achieving 43 mA cm-2 on the 1D Pd-MOF/NF electrode, compared to 10 mA cm-2 on bare NF. Repeated cyclic voltammetry and chronoamperometry tests confirmed the enhanced stability of the 1D Pd-MOF/NF electrode under operating conditions. Furthermore, the heterogeneous rate constant for urea oxidation was significantly higher on the 1D Pd-MOF/NF electrode (1.73 & times; 10 5 mol-1 cm3 s-1 ) than on NF (2.5 & times; 10 4 mol-1 cm3 s-1 ). Anodic Tafel slope values of 136 and 113 mV dec-1 for NF and 1D Pd-MOF/NF, respectively, indicate facile urea oxidation at the 1D Pd-MOF/NF electrode. However, the significantly lower charge-transfer resistance of 1.84 Omega cm2 on the 1D Pd-MOF/NF electrode highlights its superior charge-transfer kinetics and overall electrocatalytic performance for urea oxidation. The CV and EIS results indicate that urea electrooxidation proceeds via a mixed kinetic mechanism, involving both surface-confined and diffusion-controlled processes.";10.1016/j.ijhydene.2026.154363
Sustainable removal of ammonia via a coupled ion exchange and electrolysis system;"Kang, J H; Oh, G G; Son, M; Kang, S W";2025;"ADSORPTION; Ammonia recovery; Anaerobic digestion dewatering liquor; DYE; Electrolysis; HYDROGEN-PRODUCTION; Ion exchange; KINETICS; Prussian blue analog; WATER ELECTROLYSIS";Anaerobic digestion (AD) sludge dewatering liquor is associated with a persistent problem of the total ammonia nitrogen (TAN) removal. We investigated a coupled system consisting of ion exchange and electrolysis. TAN was recovered using a Prussian blue analog (PBA)-immobilized adsorbent and removed by electrolysis along with hydrogen gas production. Batch tests revealed that PBA exclusively adsorbed TAN and was recovered by ion exchange, despite the application of actual wastewater. Langmuir and Temkin models showed good fits with the experimental data (R-2 > 0.99). In continuous column tests, >87.6 % TAN was consistently recovered without a decrease in the adsorption capacity for 12 cycles. TAN recovered in the regenerant was removed within 270 min to <30 mg-N/L, and the oxidation rate lasted without any notable change. Although NO3- and K+ concentrations increased continuously to >1 M, the electro-oxidation rate was stable. Investigation of the PBA surface demonstrated that no accumulation of competing ions occurred, and ion exchange was effectively performed. The capital and operational expenditures were determined as 4.109 and 3.191 M$, respectively. This suggested that the proposed system is comparable to the various TAN removal processes. The proposed system is a promising technology for recovering TAN and producing hydrogen gas.;10.1016/j.jenvman.2025.126661
A NiMOF integrated with conductive materials for efficient bifunctional electrocatalysis of urea oxidation and oxygen evolution reactions;"Xie, X P; Xu, L Q; Zeng, Q S; Zhang, Z A; Xu, Z Q; Yin, C X; Wang, X X";2024;"CATALYST; ELECTROOXIDATION; HYDROGEN-PRODUCTION; MECHANISM; METAL-ORGANIC FRAMEWORKS; NICKEL";The development of urea oxidation reaction (UOR) and oxygen evolution reaction (OER) bifunctional electrocatalysts has dual significance in promoting hydrogen energy production and urea-rich wastewater treatment. Herein, a carboxylated multi-walled carbon nanotube (MWCNT-COOH)-ferrocene carboxylic acid (Fc-COOH) modulated NiMOF hybrid material (MWCNT-NiMOF(Fc)) has been synthesized for dual electrocatalysis of the UOR and OER. The material characterization results indicated that MWCNT-COOH and Fc-COOH were integrated into the framework structure of the NiMOF. The direct interaction between the NiMOF and MWCNT/Fc facilitated electron transfer in the hybrid material and led to lattice strain, which improved the charge transfer kinetics, promoted the exposure of more unsaturated Ni sites, and increased the electrochemically active surface area. These factors together enhanced the electrocatalytic activity of MWCNT-NiMOF(Fc) towards the UOR and OER. Using a glassy carbon electrode as the substrate, MWCNT-NiMOF(Fc) exhibited low potential requirements, low Tafel slopes, and high stability. In overall urea and water splitting electrolysis cells, the excellent UOR and OER dual functional catalytic ability and enormous practical application potential of the MWCNT-NiMOF(Fc) modified foam nickel electrode were further demonstrated. On the basis of the above research, the influence of a KOH environment on urea electrolysis was further studied, and the urea electrolysis products were analyzed, promoting a more comprehensive understanding of the catalytic performance of MWCNT-NiMOF(Fc) for urea oxidation. This study provides a new approach for developing high-performance NiMOF-based electrocatalysts for challenging bifunctional UOR/OER applications, and has potential application value in hydrogen production from urea-containing wastewater electrolysis. MWCNT-COOH and Fc-COOH were integrated into the framework structure of a NiMOF, altering its electronic structure and generating lattice strain. The resulting MWCNT-NiMOF(Fc) exhibited excellent UOR and OER dual functional catalytic activity.;10.1039/d3dt03456a
Economically feasible and carbon-negative emission disposal of saline wastewater: Concentration-electrolysis integrating waste heat recovery and co-disposal of industrial waste salt;"Chen, X Y; He, Y H; Zhao, T; Tan, P X; Yu, N Z; Zou, C; Wang, Y P; Liu, H M";2026;"BLAST-FURNACE SLAG; BOTTOM ASH; Carbon-negative concentration and electrolysis; DESALINATION; DISTILLATION; ENERGY; EXERGY ANALYSIS; Green hydrogen production; INCINERATION FLY-ASH; PLANTS; SYSTEM; Saline wastewater; Techno-economic analysis; Waste heat recovery; Waste salt co-disposal";"The costly disposal of high-salinity washing wastewater (WWS) from municipal solid waste incineration fly ash is a significant bottleneck for the Waste-to-Energy (WtE) industry. This study proposes an in-situ electrolysis system that integrates dual waste heat recovery (from flue gas and bottom ash), industrial waste salt co-disposal, and depleted brine recirculation. Compared to conventional standalone treatment, this configuration leverages internal waste heat for energy and external waste salt for concentration. Comprehensive techno-economic analysis (TEA) and carbon emission accounting demonstrate that this integration significantly improves economic and environmental benefits. The optimal configuration (IS-H) achieves a net present value (NPV) of 57.33 million CNY and an internal rate of return (IRR) of 17.2%. The economic benefits have increased by 5.2 to 5.7 times relative to the baseline scenario (M-NH and T-NH). Environmentally, by expanding system boundaries to include credits for substituted chemical products, the process attains a net carbon intensity of-446.2 kg/m3. Notably, driven by the substantial income offsets from resourceful by-products, the co-disposal strategy enables negative levelized hydrogen production costs (LHPC) of-5.55 to-3.95 CNY/kg. Coupling with renewable energy further elevates NPV to 127.59 million CNY and reduces carbon intensity to-734.5 kg/m3. This work validates a quantitative ""waste-control-by-waste"" strategy, offering a scalable industrial symbiosis model for circular waste management and decarbonization. The integrating process provides an economically viable and carbon-negative method for WWS reutilization disposal, which highly aligns with the ""waste-control-by-waste"" concept.";10.1016/j.cej.2026.172815
Modulating the Electronic Structure of Ni/NiO Nanocomposite with High-Valence Mo Doping for Energy-Saving Hydrogen Production via Boosting Urea Oxidation Kinetics;"Maheskumar, V; Min, A H; Moon, C J; Senthil, R A; Choi, M Y";2023;"CATALYST; EFFICIENCY; ELECTROOXIDATION; Mo-doped Ni/NiO; NANOPARTICLES; NANOSHEET; NICKEL; NIO/NI NANOROD; OXYGEN; WATER; pulsed laser ablation; urea electrooxidation; urea-assisted water electrolysis";Electrocatalytic urea oxidation reaction (UOR) has emerged as a promising alternative to the anodic oxygen evolution reaction (OER) in water electrolysis. However, UOR faces challenges like slow kinetics, high energy barriers, and a complex mechanism, necessitating the development of efficient electrocatalysts. Herein, a rapid method is proposed for synthesizing Mo-doped Ni/NiO (Ni/MNO) nanocomposite as a highly effective UOR electrocatalyst. Mo doping oxidizes Ni2+ to Ni3+, creating abundant active sites for UOR. The Ni/MNO catalyst exhibits remarkable activity for both OER and UOR due to Mo doping, structural modulation, increased active sites, and the presence of Ni3+ ions. Optimized Ni/MNO-10 shows a low OER overpotential of 280 mV and a UOR working potential of 1.37 V versus reversible hydrogen electrode at 10 mA cm-2, with exceptional stability over 12 h of continuous electrolysis. Notably, urea-assisted water splitting requires only 1.45 V for 10 mA cm-2, significantly less than the overall water splitting voltage (1.65 V), indicating energy-efficient hydrogen production. Moreover, the Ni/MNO catalyst exhibits outstanding long-term stability. This work presents a rapid and effective approach to synthesizing cost-effective and efficient electrocatalysts for clean energy production and wastewater treatment.;10.1002/sstr.202300212
Phase structure tuning of graphene supported Ni-NiO Nanoparticles for enhanced urea oxidation performance;"Wang, S L; Xu, P X; Tian, J Q; Liu, Z; Feng, L G";2021;"Annealing temperature; Graphene nanosheets; Nickel; Urea electro-oxidation; nickel oxide";The sluggish kinetics of urea electro-oxidation seriously limits its application in hydrogen production and wastewater treatment. Herein, we demonstrated an easy freeze-drying/annealing approach induced phase structure tuning of graphene supported Ni-NiO nanoparticles system for efficiently boosting urea oxidation performance. The annealing temperature was found significant to influence the Ni precursors decomposition, crystal structure formation and catalytic performance for urea oxidation. By increasing the temperature from 350 degrees C to 550 degrees C, more metallic Ni was formed in the Ni-NiO system, and because of the efficient Ni-NiO synergistic effect and conductivity improvement, the sample obtained at 450 degrees C exhibited the highest catalytic activity and stability for urea oxidation. Specifically, the current density at 0.5 V was 38.24 mA cm(-2), about 5.6 and 30 times of the control sample of graphene supported NiO and Ni respectively. Efficient kinetics and rapid charge transfer-ability were also found for urea oxidation by a series of electro-kinetics analysis. The current work showed an easy way for Ni-based catalyst structure tuning with enhanced kinetics for urea oxidation, which is helpful for the sustainable utilization of urea molecular in electrochemical energy. (C) 2021 Elsevier Ltd. All rights reserved.;10.1016/j.electacta.2021.137755
Solar photoelectrocatalytic oxidation of urea in water coupled to green hydrogen production;"Rioja-Cabanillas, A; McMichael, S; Tolosana-Moranchel, A; Alkharabsheh, S; Skillen, N; Fernandez-Ibañez, P; Byrne, J A";2023;"AMMONIA; DEGRADATION; ENERGY; FILMS; Hydrogen; KINETICS; NITROGEN; PHOTOCATALYTIC OXIDATION; PHOTOELECTROCHEMICAL WATER; Photoelectrocatalysis; Photoelectrochemical cell; TIO2; Urea oxidation; WO 3 photoanode; WO3; Wastewater treatment";In past decades, the intensification of human activities has led to an increase in pollution and energy demand. Photoelectrochemical systems have emerged as an alternative for the decentralized management of domestic wastewater with the potential of recovering energy while degrading pollutants such as urea. Tungsten oxide (WO3) has been traditionally used for water splitting, but the use of this material for the removal of waste from water coupled to hydrogen production is not deeply known until now. This contribution shows an exhaustive and systematic investigation on WO3 photoanodes for the photoelectrochemical oxidation of urea and the generation of hydrogen, with insights on the reaction mechanism, detailed nitrogen balance investigation of the process, and analysis of the performance compared to well-accepted materials. The WO3 platelets were successfully synthesized in situ on fluorine doped tin oxide glass by a hydrothermal method. The performance of WO3 was compared to titanium dioxide (TiO2) as a benchmark. The photocurrent was enhanced for both electrodes when urea was added to the electrolyte, with WO3 showing one order of magnitude higher photocurrent than TiO2. The WO3 electrode showed a peak incident photon-to-current efficiency of 43% at 360 nm and a much greater rate constant for urea oxidation (1.47 x 10-2 min-1), compared to the TiO2 photoanode (16% at 340 nm and 1.1 x 10(-3) min(-1)). The influence of different reactor configurations was also evaluated testing one- and twocompartment back-face irradiated photoelectrochemical cells. Hydrogen was generated with a Faradaic efficiency of 87.3% and a solar-to-hydrogen conversion efficiency of 1.1%. These findings aim to contribute to the development of technologies based on the photoelectrochemical production of hydrogen coupled with the oxidation of pollutants in wastewater.;10.1016/j.jclepro.2023.138200
CuCo2O4@ACoNi-LDH (A=Fe, Cu, Zn, Cr) as efficient electrocatalyst for freshwater, seawater and urea oxidation reaction;"Wang, Y H; Li, P; Du, X Q; Zhang, X S";2024;"BIFUNCTIONAL ELECTROCATALYST; COMPOSITE; Density functional theory; Electrocatalysis; HETEROSTRUCTURES; HIGHLY EFFICIENT; LDH; NANOTUBES; NI2P NANOSHEET ARRAY; NICKEL FOAM; OXYGEN EVOLUTION; Oxygen evolution reaction; PHOTOLYSIS; Urea oxidation reaction";Water electrolysis has a promising prospect in the production of green hydrogen energy, but its oxygen evolution reaction kinetics is relatively slow. Therefore, in this experiment, CuCo2O4@ACoNi-LDH (A = Fe, Cu, Zn, Cr) with heterogeneous core-shell catalytic material was firstly prepared by means of hydrothermal and calcination process, and its anodic oxidation reaction in freshwater, seawater and urea was investigated. In the oxygen evolution reaction (OER) of electrolytic water, CuCo2O4@CuCoNi-LDH displays the best catalytic activity. When the current density is 10 mA cm- 2, only the overpotential of 199 mV is needed (potential of 1.429 V). The competitive oxidation and corrosion of chloride ions in seawater result in the decrease of catalytic activity. For urea oxidation reaction (UOR), CuCo2O4@FeCoNi-LDH displays the best catalytic performance, only potential of 1.292 V was required with the same current density, and the catalyst had good stability during the reaction for 12 h. Density functional theory calculation shows that CuCo2O4 plays an important role in the catalytic process. The synergistic catalysis of FeCoNi-LDH and CuCo2O4 results in the improvement of catalyst activity and sta-bility. The CuCo2O4 material plays a key role in catalyzing urea splitting and the FeCoNi-LDH material protects CuCo2O4 from corrosion according to experimental results and density functional theory calculations. This experiment provides a new idea for the hydrogen production, exploration and the treatment of urea wastewater for transition metal oxides and layered hydroxides electrocatalyst with core-shell heterostructure.;10.1016/j.ijhydene.2023.12.170
Electrocatalytic Organic Dye Pollutants Degradation with Green Hydrogen Recovery using Nanoscale NiSe Catalysts;"Walsh, M; Tan, J Z Y; Pitchaimuthu, S";2025;"COBALT; Dye pollutants degradation; EFFICIENT ELECTROCATALYSTS; ELECTROCHEMICAL OXIDATION; ELECTRODE; Electrolysis; Energy; GRAPHENE; Hydrogen; Nano catalyst; NiSe; OXYGEN EVOLUTION REACTION; PERFORMANCE; PROGRESS; STABILITY; Sustainability; WATER; Water treatment";This work investigates the potential for simultaneous water pollutant treatment and green H2 generation through the use of a highly active catalyst material in the water electrolysis process. We synthesised nanoscale Ni2Se3 through a solvothermal method, analysing the crystallite structure through X-ray diffraction analysis. The electrochemical properties of as-synthesised Ni2Se3 nanoscale catalysts were studied by using both a freshwater and dyewater electrolyte. Interestingly, the dyewater displayed an increased electrocatalytic activity as a result of the organic pollutants oxidising. We demonstrated the feasibility of benchmarking the Ni2Se3 catalyst in methyl orange (model pollutant) dye pollutant degradation whilst simultaneously recovering hydrogen gas. The Ni2Se3-coated stainless steel anode resulted in 71.9% dye degradation over 180 min at 1.67 V vs RHE. Feasibility of hydrogen recovery during dye degradation process was examined. Interestingly, protons produced from dye degradation process at Ni2Se3 anode, further reduced at cathode which generated approximately 0.81 L cm-2 of green hydrogen gas per day. This work explores an interesting investigation into the utilisation of a less expensive electrocatalyst to address the environmental clean-up and energy demand issues concurrently. Furthermore, it opens a circular economy pathway of recovering hydrogen gas from wastewater treatment.;10.1007/s10562-025-05025-5
Efficient hydrogen production and electricity generation in solar-driven single-photoelectrode photocatalytic fuel cell;"Wang, J H; Lv, Z Y; Zhang, Y Z; He, Y; Zhang, S X; Li, J F";2024;"DEGRADATION; Electricity generation; FABRICATION; Heterojunction; Hydrogen production; Photocatalytic fuel cell; Solar energy";This work reports a novel TiO2/g-C3N4 photoanode-based photocatalytic fuel cell (PFC) designed to convert chemical energy from simulated wastewater. The g-C3N4 modified TiO2 nanorod was successfully synthesized by a facile hydrothermal method. The results indicated that the maximum photocurrent density reached 2.44 mA cm-2 at 1.23 V vs. RHE by 1.167 g L-1 g-C3N4 loaded TiO2 composite. On the basis of analysis, the photoelectrochemical mechanism of the composite photoanode was proposed. This mainly demonstrated that the composite photoanode increases the electron donor density and boosts charge separation efficiency. In addition, the power density and hydrogen production of the proposed PFC were enhanced by 5.37 and 1.49 times compared to TiO2 photoanode-based PFC. To find the origins of the excellent performance of PFC, the influence of the organic compounds were investigated. The ESR measurement results indicated that the organic matter was captured by the photoexcited holes directly to facilitate the charge separation. The achieved power density and hydrogen production of 0.14 mW cm-2 and 21.60 mu mol h-1 cm-2 were measured using RhB as the model pollutant, which was 2.42 and 1.23 times higher than the experiments with PBS electrolyte. This study proposed a novel PFC system converts the organic pollutant to the hydrogen and the electricity.;10.1007/s10562-024-04701-2
Assessing an electrochemical process for the treatment of tar-containing wastewater with hydrogen recovery;"Melis, N; Mais, L; Mascia, M; Vacca, A";2024;"ANODE; Alkaline electrolysis; BIOMASS GASIFICATION; Biomass gasification; DEGRADATION; EAOP; EVOLUTION; Energy consumption; MODEL; ORGANIC POLLUTANTS; OXIDATION; SYSTEMS";"Biomass gasification generates syngas with low carbon emissions but produces tar-contaminated wastewater that challenges environmental sustainability. This study explored using an alkaline electrolysis process with a DSA anode to remove organic pollutants from the effluent of a wet scrubber in a biomass gasification plant's syngas clean-up system. The effect of current density (16, 80, 160 mA cm- 2 ), area-to-volume ratio (0.03 and 0.15 cm- 1 ), and organic load on the process performances was assessed by monitoring total organic carbon, chemical oxygen demand and UV-Vis analyses; the phenolic fraction was also analysed with 4-aminoantipyrine colorimetric method. A kinetic analysis with zero-order and pseudo-first-order kinetic models was done for the relevant parameters, and the kinetic constants (kapp) were evaluated under all the explored conditions. Results showed lower organic loads (higher dilution), as well as increasing current densities, have a beneficial effect on the phenol removal and mineralisation, achieving up to 50 % mineralisation in 8 h with 1:100 wastewater at 160 mA cm- 2 and 0.15 cm-1 . Also, reducing the area-to-volume ratio leads to slower mineralisation processes. On the other hand, adopting low current densities with high organic loads lead to 100 % instantaneous current efficiency, in which the oxygen evolution reaction is fully suppressed, and pure hydrogen is produced. Insights into the economic aspects of the process in terms of energy per order and energy per mass were given: the energy consumption for the most favourable condition is 15.95 kWh kg-1 , corresponding to 960 kWh m- 3 and a total cost of 72 <euro> m- 3 .";10.1016/j.cej.2024.156736
Heterogeneous application prospect and techno-economic analysis of hydrogen from wasted activated sludge: Using microbial electrolysis cell;"Zhao, K X; Zhou, Y; Tan, N R; Fang, H; Li, Y W; Ma, T";2024;"ANAEROBIC-DIGESTION; Anaerobic digestion; BIOENERGY RECOVERY; BIOHYDROGEN PRODUCTION; COMMUNITY; Carbon reduction; ELECTRIC VEHICLES; ENERGY-PRODUCTION; Economic analysis; GREENHOUSE-GAS EMISSIONS; Microbial electrolytic cell; ORGANIC-MATTER; PRETREATMENT; VOLATILE FATTY-ACIDS; Wastewater treatment plant";The efficiency of hydrogen production from waste activated sludge (WAS) through combining anaerobic digestion and microbial electrolysis cell (AD-MEC) systems has been increasing. With advancements in materials science, the cost of MEC anode materials has decreased, making this technology potentially economically viable. By analyzing data from 3611 centralized wastewater treatment plants (WWTPs) in 276 prefecture-level cities in China, theoretical application scenarios and environmental benefits of hydrogen production in these WWTPs via AD-MEC were evaluated. Additionally, a theoretical economic model is constructed to validate the economic feasibility of AD-MEC technology. The key findings suggested that the theoretical potential for hydrogen production from WAS in China is 152,610.5 tons/year. The amount of CO2 emitted by natural gas, fuel diesel buses, or power electric public transportation could reduce approximately 1.51, 3.2, and 2.4 million tons/year, respectively, through utilizing hydrogen instead of the above energy sources. Due to the broader temperature adaptability of hydrogen fuel cells, this emission reduction effect was more pronounced in colder, high-latitude regions. Economic analysis revealed that, considering sludge reduction, the AD-MEC system could achieved a return on investment of 13%. This study demonstrated that with the rapid progression in urbanization, AD-MEC systems could contribute to reducing WAS treatment costs and providing clean hydrogen for carbon emission reductions in urban areas.;10.1016/j.ecmx.2023.100511
Interfacial Engineering of NiCo Nanocones to Promote NiOOH Formation via Enhanced Dehydrogenation for Efficient Urea Electrooxidation;"Ma, Z H; Liu, X Y; Wang, H T; Xie, L B; Sun, Z G; Zhan, H Y; Mi, X Y; Zhan, S H; Zhou, Q X";2026;"CATALYST; COBALT; ELECTROCATALYSTS; ELECTRODEPOSITION; FILMS; HYDROXIDES; MECHANISM; NICKEL; NiOOH; interfacial regulation; nanocone structure; ultralow onset potential; urea oxidation reaction";Electrochemical urea oxidation reaction (UOR) is widely recognized as a promising approach for achieving energy-efficient hydrogen production and wastewater purification simultaneously. However, the formation of NiOOH reactive species, coupled with efficient CO2 desorption, remains a challenge for achieving superior UOR performance when employing Ni-based electrocatalysts. Herein, NixCo1-x nanocone catalysts are fabricated to enhance the UOR performances. The interfacial modification with Co atoms induced more alpha-Ni(OH)(2) phase formation and electron migration from Ni to Co, thereby notably enhancing the dehydrogenation to generate NiOOH with enriched gamma-NiOOH phase, as demonstrated by in situ characterization and computational studies. In addition, the local electric field enhancement and the optimized in-plane/out-of-plane capillary forces derived from the nanocone structure significantly facilitated CO2 desorption and reaction kinetics. Accordingly, the optimal Ni0.9Co0.1-NC electrode exhibited an ultralow onset potential of 1.30 V versus RHE and a high current density of 332 mA cm(-2) at 1.40 V versus RHE, surmounting Ni-NC and Co-NC by 5.5 and 17 times, respectively. It also demonstrated an excellent durability (90 h), highlighting strong practical potential. This work provides a facile approach for fabricating high-performance Ni-based UOR catalysts and offers insights into interfacial regulation mechanisms of Co doping.;10.1002/aenm.202502563
Real-time monitoring of a microbial electrolysis cell using an electrical equivalent circuit model;"Hussain, S A; Perrier, M; Tartakovsky, B";2018;"BIOCATHODE; CATHODES; Equivalent circuit model; FUEL-CELLS; HYDROGEN-PRODUCTION; MEC; METHANE PRODUCTION; OPTIMIZATION; On-line monitoring; Parameter estimation; WASTE-WATER TREATMENT";Efforts in developing microbial electrolysis cells (MECs) resulted in several novel approaches for wastewater treatment and bioelectrosynthesis. Practical implementation of these approaches necessitates the development of an adequate system for real-time (on-line) monitoring and diagnostics of MEC performance. This study describes a simple MEC equivalent electrical circuit (EEC) model and a parameter estimation procedure, which enable such real-time monitoring. The proposed approach involves MEC voltage and current measurements during its operation with periodic power supply connection/disconnection (on/off operation) followed by parameter estimation using either numerical or analytical solution of the model. The proposed monitoring approach is demonstrated using a membraneless MEC with flow-through porous electrodes. Laboratory tests showed that changes in the influent carbon source concentration and composition significantly affect MEC total internal resistance and capacitance estimated by the model. Fast response of these EEC model parameters to changes in operating conditions enables the development of a model-based approach for real-time monitoring and fault detection.;10.1007/s00449-017-1889-5
Electrochemical tuning of nickel molybdate nanorod arrays towards promoted electrocatalytic urea oxidization;"Fang, M; Xu, W B; Shen, Y; Cao, P J; Han, S; Xu, W Y; Zhu, D L; Lu, Y M; Liu, W J";2021;"CATALYSTS; EFFICIENT; ELECTROOXIDATION; EVOLUTION; Electrochemical tuning; FE; HYDROGEN-PRODUCTION; NI; Nanorod array; Nickel molybdate; OXIDATION; RECENT PROGRESS; SOLAR FUELS; Urea oxidization";"Urea electrolysis enables simultaneous energy-saving hydrogen production and wastewater purification at a small thermodynamic potential of 0.37 V; however, the total energy-utilization efficiency is still substantially restricted by the sluggish kinetics of the urea oxidization reaction (UOR) at the anode. In this work, an electrochemical tuning strategy has been employed to obtain a Ni (III)-enriched catalyst by starting from NiMoO4 center dot xH2O nanorod arrays. It has been found that the electrochemical tuning not only modifies the valency state of Ni but also causes a dramatic change in stoichiometry and microstructure of the material, leading to significantly improved activities for UOR under alkaline conditions. Notably, the obtained catalyst delivers a current density of 100 mA cm-2 for UOR at the potential of only 1.36 V vs RHE, which surpasses the bestreported values for UOR catalysis at the same applied potential, demonstrating the great promise of the electrochemical tuning strategy in rational modifications of material towards promoted electrocatalysis.";10.1016/j.apcata.2021.118220
Non-Precious Metal Diatomic Synergistic Properties Can Directly Electrocatalyze Highly Selective Conversion of Ammonia-Containing Wastewater to N2;"Zhang, H M; Li, B; Zhou, L Q; Wang, Z W; Nie, F H; Tao, S W";2025;"ANODIC-OXIDATION; CATALYSTS; ELECTRODES; NITROGEN; REMOVAL; ammonia oxidation reaction; dehydrogenation; diatomic distance; dual atomic active sites; electrochemical oxidation";The treatment of high-concentration industrial ammonia-containing wastewater is energy-intensive, but direct electrocatalytic technology can not only remove nitrogen but also recover hydrogen energy stored in ammonia. However, due to the slow ammonia oxidation kinetics and the difficulty in selectively controlling the generation of nitrogen gas, developing high-activity, high-selectivity catalysts has been a key challenge. This study proposes a catalyst with dual-atom active sites that can regulate the sequential adsorption/dehydrogenation and N-N bond coupling of ammonia molecules on the dual active sites, demonstrating high catalytic activity and selectivity. Using real photovoltaic wastewater with an initial NH4 +-N concentration of 3256.05 mg/L, five cycles of 150 h denitrification experiments were conducted to investigate the nitrogen removal performance and long-term stability of the dual-atom catalyst. The results showed that the N2 selectivity in all five cycles remained above 99.5%, with a H2 production rate of around 130 mL. This excellent performance can be attributed to the unique synergistic effect of the Ni-Zn dual-atom catalyst, which enhances the adsorption ability of the sites, facilitates the dehydrogenation of ammonia molecules via a dual-site pathway, and promotes the N-N bond coupling process. This study expands the feasibility of green electrochemical treatment and energy recovery for high-ammonia wastewater.;10.1021/acssuschemeng.5c03137
Electrocoagulation by solar energy feed for textile wastewater treatment including mechanism and hydrogen production using a novel reactor design with a rotating anode;"Naje, A S; Chelliapan, S; Zakaria, Z; Ajeel, M A; Sopian, K; Hasan, H A";2016;"DYE; EFFICIENCY; EFFLUENT; ELECTROCHEMICAL REACTOR; FLUORIDE REMOVAL; IMPEDANCE; INDUSTRY; IRON ELECTRODES; MONOPOLAR";This paper describes the treatment of textile wastewater using a unique design of an electrocoagulation (EC) reactor with a rotating anode. The effects of various operational parameters such as rotational speed of the anode, current density (CD), recirculation flow rate, operational time (RT) and continuous flow regime on the efficiency of pollutant removal in terms of chemical oxygen demand (COD) and colour were examined. The mechanisms of EC treatment and hydrogen production were also evaluated. In addition, the model verification was an attempt to study the passivation and adsorption phenomena. The results indicated that the optimum conditions were achieved at CD = 4 mA cm(-2), RT = 10 minutes and rotational speed = 150 rpm, where the operating cost was 0.072 US$ per m(3). The removal efficiencies of COD and colour were 91%, 95% for the batch system and 91.5%, 95.5% for the continuous flow system respectively. Zeta potential values indicate that the chemical interaction happened, and XRD analysis of the sludge produced reveals that the reaction is a chemo-adsorption type, where the final product is environmentally friendly (aliphatic sludge). Hydrogen production was enhanced under the optimal conditions to produce 12.45%, reducing the power consumption by 9.4%. The passivation and adsorption resistance values validate the removal rate of pollutants.;10.1039/c5ra26032a
Deep learning based modelling and control of a microbial electrolysis cell for enhanced bio hydrogen production;"Venkatesh, P; Chowdhury, M R; Rajasekhar, N; Radhakrishnan, T K; Samsudeen, N";2025;"BIOHYDROGEN PRODUCTION; Control; GAS; LSTM; MEC; Optimization; PI; RNN";Microbial electrolysis cells (MECs) are a type of bio electrochemical systems used for the production of bio hydrogen from organic waste. MEC is a highly non-linear due to its complex dynamics in nature. Controlling the current (IMEC) has an enormous impact on the overall performance and efficiency of hydrogen production. Data-driven modelling and deep learning (DL) techniques like recurrent neural networks capture temporal characteristics well. Hence, in this study, long short-term memory (LSTM) and Bi-directional LSTM (Bi-LSTM) networks are used to model the process, to enhance the accuracy and efficiency. Random input sequences are generated and applied on the MEC process and the obtained output sequences are used to train an LSTM network model by minimizing the prediction error. The model is cross-validated to avoid overfitting. A reliable model is trained as a controller in a similar fashion. The Bi-LSTM-based controller outperforms LSTM, internal model controller (IMC), and particle swarm optimization (PSO)-tuned PI controllers in terms of integral squared error (ISE) and control effort (CE). The Bi-LSTM, LSTM, and PSO-PI controllers outperform the IMC-PI controller in setpoint tracking, with the average ISE values reduced by 8.53, 2.67, and 1.96 times, respectively. Additionally, they exhibit superior disturbance rejection, achieving 2.65, 1.76, and 1.97-times lower average ISE values compared to the IMC-PI controller. Use of DL in the control of MECs could enhance energy production and wastewater treatment efficiency. Techniques like convolutional neural networks (CNN), reinforcement learning (RL) can monitor biofilm, optimize designs, and enhance reliability for sustainable applications.;10.1016/j.ijhydene.2024.12.242
Construction of MoSe 2 /Ni x Se y /NF Schottky heterojunction as electrocatalyst for water splitting and electrochemical oxidation for sulfur recovery;"Pang, H Y; Gao, T; Zhao, W K; Liu, L; Liu, E Z; Wen, H Y; Sun, T";2024;"EVOLUTION; Electrocatalysis; HYDROGEN; Hydrogen energy; PERFORMANCE; Small molecule oxidation; Sulfion oxidation reaction; Water splitting";Substituting oxygen evolution reaction (OER) with small molecule (urea, S2-) oxidation reaction being of favorable thermodynamical kinetics is a feasible strategy for energy-saving hydrogen production and wastewater treatment. Herein, we prepared anti-sulfuretted bifunctional MoSe 2 /Ni x Se y /NF Schottky heterojunction electrocatalysts on nickel foam by one-step hydrothermal method. The built-in electric field formed by this heterojunction promotes electron transfer and interfacial redox kinetics, making the catalyst being of excellent electrocatalytic performance. At 50 mA cm(-2) , the voltage of this catalyst for sulfion oxidation reaction (SOR) in the sulfur-containing electrolyte is only 0.422 V vs. RHE, much lower than those of 1.399 and 1.557 V vs. RHE of urea oxidation reaction (UOR) and OER, respectively. Moreover, the well-designed MoSe 2 /Ni x Se y /NF as a bifunctional catalyst for sulfur ion-assisted electrolysis in two-electrode electrolytic cells achieves a current density of 100 mA cm(-2) at a remarkably low voltage of only 0.47 V with little performance degradation for 200 h. The UV -vis spectra and XRD patterns show that S2- is gradually oxidized to short-chain polysulfide (S-x(2-), 2 <= x <= 4), and finally to form S 8 . This work provides a feasible strategy for energy-saving hydrogen production while treating sulfur-containing wastewater to protect the ecological environment and realize sulfur recovery.;10.1016/j.fuel.2024.132532
Construction of microbial electrodialysis cells equipped with internal proton migration pathways: Enhancement of wastewater treatment, desalination, and hydrogen production;"Salehmin, M N I; Me, M F H; Daud, W R W; Yasin, N H M; Abu Bakar, M H; Sulong, A; Lim, S S";2023;"ACID; Bioelectrochemical system (BES); Desalination; ELECTROLYSIS CELL; ENERGY; FUEL-CELL; GENERATION; Hydrogen production; MEMBRANE; Microbial desalination cells (MDCs); Microbial electrodialysis cells (MEDCs); OPTIMIZATION; PERFORMANCE; REMOVAL; SULFATE; Wastewater treatment";Microbial electrodialysis cells (MEDCs) offer simultaneous wastewater treatment, water desalination, and hydrogen production. In a conventional design of MEDCs, the overall performance is retarded by the accumulation of protons on the anode due to the integration of an anion exchange membrane (AEM). The accumulation of protons reduces the anolyte pH to become acidic, affecting the microbial viability and thus limiting the charge carrier needed for the cathodic reaction. This study has modified the conventional MEDC with an internal proton migration pathway, known as the internal proton migration pathway-MEDC (IP-MEDC). Simulation tests under abiotic conditions demon-strated that the pH changes in the anolyte and catholyte of IP-MEDC were smaller than the pH changes in the anolyte and catholyte without the proton pathways. Under biotic conditions, the performance of the IP-MEDC agreed well with the simulation test, showing a significantly higher chemical oxygen demand (COD) removal rate, desalination rate, and hydrogen production than without the migration pathway. This result is supported by the lowest charge transfer resistance shown by EIS analysis and the abundance of microbes on the bioanode through field emission scanning elec-tron microscopy (FESEM) observation. However, hydrogen production was diminished in the second-fed batch cycle, presumably due to the active diffusion of high Cl over line concentrations from desalination to the anode chamber, which was detrimental to microbial growth. Enlarging the anode volume by threefold improved the COD removal rate and hydro-gen production rate by 1.7-and 3.4-fold, respectively, owing to the dilution effect of Cl over line in the anode. This implied that the dilution effect satisfies both the microbial viability and conductivity. This study also suggests that the anolyte and catholyte replacement frequencies can be reduced, typically at a prolonged hydraulic retention time, thus minimizing the operating cost (e.g., solution pumping). The use of a high concentration of NaCl (35 g L-1) in the desalination chamber and catholyte provides a condition that is close to practicality.;10.1016/j.scitotenv.2022.158527
CuFeO2/Cu Photoelectrode Modified with SrTiO3 Perovskite for Efficient Hydrogen Generation from Sanitation Water;"Ahmed, A; Ahmed, A M; Abdel-Khaliek, A A; Shaban, M; Abdelazeez, A A A; Rabia, M";2023;"KINETICS; MECHANISM; NANOCOMPOSITE; OXIDATION; PHOTOCATHODE; REDUCTION";We prepared a perovskite material, copper-doped strontium titanate (Cu-SrTiO3), using the chemical bath deposition method and cast it on a CuFeO2/Cu photoelectrode to generate hydrogen from sanitation water splitting. This preparation method considers a simple mass product and does not depend on complex techniques. The prepared perovskite materials had a compact nano-/ microstructure. Both CuFeO2 and Cu-SrTiO3/CuFeO2 exhibited excellent optical properties, with bandgap values of 1.4 and 1.26 eV, respectively. Here, the prepared CuFeO2 and Cu-SrTiO3 thin films are used as photoelectrodes for hydrogen generation, and their current-voltage relationship is analyzed under various conditions, such as different light intensities, wavelengths, and temperatures. This approach is promising for using wastewater as a source of hydrogen gas without requiring any additional electrolyte, making it a dual-purpose approach for both hydrogen generation and wastewater treatment. Through the electrochemical study, increasing the light intensity from 25 to 100 mW.cm(-2) resulted in a corresponding increase in the produced Jph values from -1.02 to -1.292 mA.cm(-2). Similarly, the Jph values increased from -1.25 to -1.91 mA.cm(-2) as the temperature increased from 30 to 70 degrees C. We also calculated all thermodynamic parameters, the quantum efficiency (QE), and incident photon to current conversion efficiency (IPCE). For the Cu-SrTiO3/CuFeO2/Cu photoelectrode, the activation energy (E-a) value was 14.14 kJ mol(-1), while the Delta H* and Delta S* values were 11.46 kJ center dot mol(-1) and 34.9 kJ(-1)center dot mol(-1), respectively. Additionally, the IPCE value was 3.31%. The prepared photoelectrode showed high stability and low cost, making it a potential candidate for industrial applications.;10.1155/2023/4440117
Ligand-Engineered p-Orbital Occupancy Modulation Activates Lattice Oxygen for Efficient and Selective Urea Electrooxidation;"Lu, Y T; Li, N N; Zhang, J P; Zhang, K; Weng, Y L; Lee, J Y; Zhang, H F; Han, X T; Qiu, J S";2026;"UOR; lattice oxygen; layered double hydroxide; orbital engineering; water electrolysis";Electrochemical urea oxidation reaction (UOR) offers a promising alternative to oxygen evolution reaction (OER) in water electrolysis, enabling simultaneous energy-efficient hydrogen production and urea-rich wastewater remediation. However, sluggish kinetics and the inevitable competition from OER, especially at high anodic potentials, continue to impede its practical application. Herein, we report a ligand-engineered NiFe layered double hydroxide intercalated with trifluoroacetate (CF3COO-), termed CF3-LDH, to address these limitations. Leveraging the strong electron-withdrawing nature of the -CF3 group, CF3COO- drives electron transfer from Ni and Fe centers to the ligand, thereby lowering the local electron density, stabilizing high-valent Ni(2+delta)+ and Fe(3+alpha)+ species, and unlocking the reactivity of adjacent lattice oxygen sites. In situ spectroscopic analyses reveal that CF3COO- intercalation suppresses NiOOH formation and mitigates OH- oversaturation, thus attenuating the parasitic OER pathway and ensuring UOR selectivity. Theoretical calculations further confirm that the lattice oxygen sites with engineered p-orbital occupancy reduce the energy barriers of key UOR steps and optimize the adsorption of critical intermediates. As a result, CF3-LDH exhibits superior UOR activity, requiring only 1.32 V to reach 10 mA cm-2 with a Tafel slope of 29 mV dec-1. When integrated into an anion exchange membrane (AEM) electrolyzer, the system delivers 100 mA cm-2 at just 1.36 V at 60 degrees C and maintains stable operation over 200 h. This work highlights the efficacy of ligand-directed lattice oxygen activation in promoting pathway-selective UOR and presents a viable strategy for designing high-performance anodes toward integrated clean hydrogen generation and wastewater treatment.;10.1002/aenm.202505178
Mott Schottky CoSx-MoOx@NF heterojunctions electrode for H2productionand urea-rich wastewater purification br;"Zhang, Q W; Cui, C W; Wang, Z W; Deng, F X; Qiu, S; Zhu, Y S; Jing, B J";2023;"CATALYST; EFFICIENT BIFUNCTIONAL ELECTROCATALYST; EVOLUTION; H2production; HIGH-PERFORMANCE; HIGHLY EFFICIENT; HYDROGEN-PRODUCTION; MOS2; NANOARRAYS; NANOSHEETS; NI3S2; Nickel foam-based electrocatalyst; Urea-containing wastewater treatment";The sluggish kinetics of oxygen evolution reaction (OER) is the bottleneck of alkaline water electrolysis. The urea ox-idation reaction (UOR) with much faster kinetics was to replace OER. To further promote UOR, a heterojunction struc-ture assembled of CoSxand MoOxwas established, and then its superior catalytic activity was predicted by DFTcalculation. After that, an ultra-thin CoSx-MoOx@nickel foam (CoSx-MoOx@NF) electrode with a Mott-Schottky struc-ture was preparedviaa facile hydrothermal method, followed by a low-temperature vulcanization. Results highlightedCoSx-MoOx@NF electrode presented a superior performance toward UOR, OER, and H2evolution reaction (HER).Notably, it exhibited excellent electrocatalytic performance for OER (1.32 Vvs.RHE, 10 mA cm-2), UOR (1.305 Vvs.RHE, 10 mA cm-2), and urea-assisted overall water splitting with a low voltage (1.38 V, 10 mA cm-2) whenCoSx-MoOx@NF electrode served as both anode and cathode. It is promising to use CoSx-MoOx@NF in an electrochem-ical system integrated with H2generation and urea-rich wastewater purificatio;10.1016/j.scitotenv.2022.160170
Photoelectrochemical Hydrogen Production on ?-Fe2O3 (0001): Insights from Theory and Experiments;"Baltrusaitis, J; Hu, Y S; McFarland, E W; Hellman, A";2014;"ACTIVE EDGE SITES; HEMATITE; INITIO MOLECULAR-DYNAMICS; METHANOL; OXIDATION; SOLAR-ENERGY; THIN-FILMS; TOTAL-ENERGY CALCULATIONS; ULTRASOFT PSEUDOPOTENTIALS; WATER PHOTOOXIDATION; density functional calculations; electrochemistry; hematite; hydrogen; photochemistry";The photoelectrochemical (PEC) decomposition of organic compounds in wastewater is investigated by using quantum chemical (DFT) methods to evaluate alternatives to water splitting for the production of renewable and sustainable hydrogen. Methanol is used as a model organic species for the theoretical evaluations of electrolysis on the surface of the widely available semiconductor hematite, alpha-Fe2O3, a widely studied photocatalyst. Three different alpha-Fe2O3 surface terminations were investigated, including the predominant surface found in aqueous electrolytes, (OH)(3)-R. The PEC oxidation of methanol is energetically downhill, producing CO2 and protons. The protons are reduced to hydrogen on the cathode. Experimental PEC measurements were also performed for several polyalcoholic compounds, glycerol, erythritol, and xylitol, on alpha-Fe2O3 as the photocatalyst and showed high incident-photon-to-current-efficiencies (IPCE) that were much greater than those of water splitting. Interestingly, high IPCEs were observed for hydrogen production from polyalcohols in the absence of any applied bias, which was not thought to be possible on hematite. These results support the potential application of PEC for hydrogen production by using widely available hematite for the PEC oxidation of selected components of organic wastewater present in large quantities from anthropogenic and industrial sources.;10.1002/cssc.201300715
Interfacial engineering of NiMn-LDH@Rh(OH)3 Heterojunctions for Promoted electrocatalytic urea oxidation;"Lv, Q L; Guo, H R; Xu, D; Zhai, Y L; Wang, H; Zhu, T; Zhu, X; Li, K Z; Yang, Z H; Li, Z S";2025;"EFFICIENT; Electrocatalysis; HYDROGEN; Heterostructure; NiMn-LDH@Rh(OH) 3; Urea oxidation reaction";The urea oxidation reaction (UOR) is considered as an alternative to the oxygen evolution reaction for highefficiency hydrogen production, because it can simultaneously achieve wastewater treatment and hydrogen production. However, the slow kinetics of the UOR hinder its widespread adoption due to relatively complex molecule, it is urgent to rational design and preparation of high-performance UOR catalysts. Herein, we report a simple synthesis of the NiMn-LDH@Rh(OH)3 heterostructure and a systematic investigation of urea-assisted electrolytic hydrogen production, significantly enhances the efficiency of urea electrolysis. The amorphous Rh(OH)3 structure provides a higher density of active sites and greater catalytic surface exposure, while the synergistic interaction between Rh(OH)3 and NiMn-LDH improves both electrical conductivity and catalytic performance. The catalyst of NiMn-LDH@Rh(OH)3-3 requires only 1.29 V overpotential to achieve a current density of 10 mA cm- 2 in a 1.0 M KOH and 0.33 M urea solution, surpassing other catalysts. Furthermore, it demonstrates remarkable stability with minimal potential increase during 48-hour chronopotentiometric tests at 100 mA cm- 2. This work making the developed strategy promising for the rational design of highly active electrocatalysts for green hydrogen production and the treatment of urea-rich wastewater.;10.1016/j.apsusc.2025.163158
Prospective Life Cycle Assessment and Cost Analysis of Novel Electrochemical Struvite Recovery in a US Wastewater Treatment Plant;"Morrissey, K G; English, L; Thoma, G; Popp, J";2022;"ECONOMIC-ASSESSMENT; ELECTROLYSIS; ENVIRONMENTAL IMPACTS; HYDROGEN-PRODUCTION; PHOSPHORUS RECOVERY; PRECIPITATION; SCALE; SLUDGE; SYSTEMS; TECHNOLOGIES; economic analysis; electrochemical struvite precipitation; life cycle assessment; nutrient recovery and recycling; wastewater treatment";Nutrient recovery in domestic wastewater treatment has increasingly become an important area of study as the supply of non-renewable phosphorus decreases. Recent bench-scale trials indicate that co-generation of struvite and hydrogen using electrochemical methods may offer an alternative to existing recovery options utilized by municipal wastewater treatment facilities. However, implementation has yet to be explored at plant-scale. In the development of novel nutrient recovery processes, both economic and environmental assessments are necessary to guide research and their design. The aim of this study was to conduct a prospective life cycle assessment and cost analysis of a new electrochemical struvite recovery technology that utilizes a sacrificial magnesium anode to precipitate struvite and generate hydrogen gas. This technology was modeled using process simulation software GPS-X and CapdetWorks assuming its integration in a full-scale existing wastewater treatment plant with and without anaerobic digestion. Struvite recoveries of 18-33% were achieved when anaerobic digestion was included, with a break-even price of $6.03/kg struvite and $15.58/kg of hydrogen required to offset increased costs for recovery. Struvite recovery reduced aquatic eutrophication impacts as well as terrestrial acidification impacts. Tradeoffs between benefits from struvite and burdens from electrode manufacturing were found for several impact categories.;10.3390/su142013657
Enhanced urea oxidization electrocatalysis on spinel cobalt oxide nanowires via on-site electrochemical defect engineering;"Fang, M; Xu, W B; Han, S; Cao, P J; Xu, W Y; Zhu, D L; Lu, Y M; Liu, W J";2021;"CATALYSTS; DOUBLE HYDROXIDES; ELECTROOXIDATION; HIGHLY-EFFICIENT; HYDROGEN-PRODUCTION; MECHANISM; NICKEL ELECTRODES; OXIDATION; OXYGEN VACANCIES; WATER";"Urea electrolysis provides a promising approach for simultaneous energy-saving hydrogen production and wastewater utilization; however, the total reaction rate is severely restricted by the sluggish kinetics of the anodic urea oxidization reaction (UOR). Herein, we report a universal and highly controllable electrochemical defect-engineering approach to enrich the active sites on transition metal oxides toward promoted UOR catalysis. A large number of oxygen vacancies (V-o) were introduced on the surface of a Co3O4 nanowire model-material through negative potential tuning, leading to significantly increased UOR activity of the material. At a potential of 1.34 V vs. RHE, the defect-engineered catalyst delivers an optimal UOR current density of 100 mA cm(-2), which is much higher than that (42 mA cm(-2)) offered by the original Co3O4 catalyst, and outperforms the best reported noble-metal-free UOR catalysts. Experimental results further reveal that the formation of V-o can effectively reduce the charge transport/transfer resistances both inside the nanowires and at the catalyst/electrolyte interface, giving rise to improved UOR activity. These findings suggest the great potential of this electrochemical defect-engineering strategy in the design of defect-enriched catalysts for advanced electrocatalysis.";10.1039/d0qm01119c
Hydrodynamic analysis and simulation of a flow cell ammonia electrolyzer;"Diaz, L A; Botte, G G";2015;"ELECTROOXIDATION KINETICS; OXIDATION; PLATINUM; ammonia conversion; ammonia electrolysis; electrolyzer simulation; residence time distribution";The hydrodynamic analysis and simulation of a non-ideal single pass flow cell alkaline ammonia electrolyzer was performed after the scale-up of a well-characterized deposited polycrystalline Pt on Ni anode. The hydrodynamic analysis was performed using the residence time distribution (RTD) test. The results of the hydrodynamic investigation provide additional insights for the kinetic analysis of the ammonia electrooxidation reaction on polycrystalline Pt electrocatalysts -which are typically obtained under controlled flow regime, e.g., rotating disk electrode-by including the flow non-uniformity present in the electrolyzer. Based on the RTD function, the ammonia electrolyzer performance was simulated as a non-steady stirred tank reactor (CSTR) and the unknown kinetic parameters were obtained by fitting the simulation results with an experimental current profile, obtaining an adequate prediction of the ammonia conversion. This simplified approach for the simulation of the ammonia electrolyzer could be implemented in process simulation packages and could be used for the design and scale-up of the process for hydrogen production and wastewater remediation. (C) 2015 Elsevier Ltd. All rights reserved.;10.1016/j.electacta.2015.04.153
Interfacial engineering of a CoSe@NiFe heterostructure electrocatalyst for high-efficiency water and urea oxidation;"Yu, X Y; Zhang, W L; Ma, L J; Tang, J X; Lu, W B; Li, J S; Zhang, J J; Xu, X H";2025;"NANOSHEETS; OER; OXYGEN EVOLUTION";Electro-oxidation reactions as critical half-reactions in both overall and assisted water electrolysis play a pivotal role in realizing highly effective and energy-saving hydrogen generation and achieving simultaneous wastewater degradation. Herein, we synthesize a porous and hierarchical CoSe@NiFe/NF heterostructure electrocatalyst constructed by coupling uniform CoSe nanosheets with well-dispersed Ni(OH)2 and Fe2O3 spherical nanoparticles in situ grown on a Ni foam (NF) substrate via a facile and scalable two-step method (i.e., electrodeposition and hydrothermal treatment). Differing from its monophasic counterpart, the CoSe@NiFe/NF electrode possesses impressive multifunctional electrocatalytic activity, exhibiting low potentials of 1.46, 1.36, 1.38 and 1.38 V at 100 mA cm-2 for the oxygen evolution reaction (OER), urea oxidation reaction (UOR), methanol oxidation reaction (MOR) and ethanol oxidation reaction (EOR), respectively. Excitingly, the durability is higher than 90 h at high current densities of 400 and 100 mA cm-2 for the OER and UOR, respectively, without obvious attenuation. In situ Raman spectroscopy and ex situ characterization unveiled the surface self-reconstruction of Ni(OH)2 and Fe2O3 to evolve Ni(Fe)-oxyhydroxides as the real active substances for the OER. Moreover, density functional theory (DFT) calculations further reveal that the reconstructed heterogeneous interface can regulate the intrinsic electronic structure and optimize the adsorption/desorption of reaction intermediates, thereby accelerating charge transfer and facilitating the reaction kinetics during the OER. Interestingly, the asymmetric electrolyte cell (CoSe@NiFe/NF||Pt/C/NF) needs cell voltages of only 1.44 and 1.40 V to drive a current density of 100 mA cm-2 for overall water and urea splitting with long-term durability for more than 20 h. This study not only provides valuable insights into the intricate mechanisms governing electrocatalysis but also presents a facile and efficient scheme for constructing multifunctional all-in-one electrocatalysts tailored for sustainable green hydrogen production.;10.1039/d4gc05278a
One-step synthesis of NiS2/rGO composite for efficient electrocatalytic urea oxidation;"Wu, T H; Zhan, J J; Hou, B W; Qiu, Z T";2022;"CATALYST; ELECTROLYSIS; GRAPHENE OXIDE-FILMS; HYDROGEN EVOLUTION; NI; REDUCTION; environmentally protective; hydrothermal; purification; sustainability; waste management";Urea electrolysis receives increasing attention, because it can remediate urea contaminated wastewater and produce hydrogen fuel simultaneously. Developing advanced catalysts for urea oxidation reaction is highly desirable but still challenging. In this work, we reveal that nickel disulfide (NiS2) and reduced graphene oxide (rGO) can be successfully prepared by one-step hydrothermal reaction. NiS2/rGO composite material is characterized to exhibit improved electrical conductivity and larger electrochemical active surface area, which hold the key to promote the reaction kinetics of urea oxidation. The overall reaction rate constant is determined as 2.88 x10(5) cm(3) mol(-1) s(-1) for NiS2/rGO, which is approximate to 75 times higher than that of NiS2 counterpart (3.87 x 10(3) cm(3) mol(-1) s(-1)). As a result, the NiS2/rGO electrocatalyst demonstrates superior catalytic performance toward urea oxidation with high catalytic current responses (220 vs. 113 mA cm(-2) at 1.5 V), low Tafel slope (51 vs 87 mV dec(-1)), and turn-over frequency (0.055 vs. 0.024 s(-1)) in comparison with pure NiS2. Moreover, NiS2/rGO renders stable catatlytic performance in a 30,000 s test, addressing the crucial role of rGO in the composite sample.;10.1557/s43581-022-00032-0
Bioelectrochemical production of hydrogen in an innovative pressure-retarded osmosis/microbial electrolysis cell system: experiments and modeling;"Yuan, H Y; Lu, Y B; Abu-Reesh, I M; He, Z";2015;"DESALINATION CELL; ENERGY EFFICIENCY; MICROBIAL FUEL-CELL; OSMOSIS MEMBRANES; RECOVERY; REVERSE-ELECTRODIALYSIS; RO-PRO; SALINITY GRADIENTS; SUSTAINABLE POWER-GENERATION; WASTE-WATER TREATMENT";"Background: While microbial electrolysis cells (MECs) can simultaneously produce bioelectrochemical hydrogen and treat wastewater, they consume considerable energy to overcome the unfavorable thermodynamics, which is not sustainable and economically feasible in practical applications. This study presents a proof-of-concept system in which hydrogen can be produced in an MEC powered by theoretically predicated energy from pressure-retarded osmosis (PRO). The system consists of a PRO unit that extracts high-quality water and generates electricity from water osmosis, and an MEC for organic removal and hydrogen production. The feasibility of the system was demonstrated using simulated PRO performance (in terms of energy production and effluent quality) and experimental MEC results (e.g., hydrogen production and organic removal). Results: The PRO and MEC models were proven to be valid. The model predicted that the PRO unit could produce 485 mL of clean water and 579 J of energy with 600 mL of draw solution (0.8 M of NaCl). The amount of the predicated energy was applied to the MEC by a power supply, which drove the MEC to remove 93.7 % of the organic compounds and produce 32.8 mL of H-2 experimentally. Increasing the PRO influent volume and draw concentration could produce more energy for the MEC operation, and correspondingly increase the MEC hydraulic retention time (HRT) and total hydrogen production. The models predicted that at an external voltage of 0.9 V, the MEC energy consumption reached the maximum PRO energy production. With a higher external voltage, the MEC energy consumption would exceed the PRO energy production, leading to negative effects on both organic removal and hydrogen production. Conclusions: The PRO-MEC system holds great promise in addressing water-energy nexus through organic removal, hydrogen production, and water recovery: (1) the PRO unit can reduce the volume of wastewater and extract clean water; (2) the PRO effluents can be further treated by the MEC; and (3) the osmotic energy harvested from the PRO unit can be applied to the MEC for sustainable bioelectrochemical hydrogen production.";10.1186/s13068-015-0305-0
Electrochemical Deammonification of Synthetic Swine Wastewater;"Diaz, L A; Botte, G G";2012;"AMMONIA NITROGEN; CYCLIC VOLTAMMETRY; DEMS; ELECTROOXIDATION; LIQUID; OXIDATION; PLATINUM; REMOVAL";The ammonia electrolysis process, which presents as only products nitrogen and hydrogen fuel, was evaluated for the deammonification of wastewater. The effects of cell voltage, pH, and flow rate were analyzed for single pass ammonia electrooxidation of synthetic swine wastewater. A surface response analysis was performed to obtain quadratic models that predict the NH3 conversion and hydrogen (H-2) production where pH was identified as the variable with the most statistic significance to explain changes in ammonia conversion with hydrogen production. NH3 conversions above 80% and specific energy consumption under 3 kW.h kg(-1) of NH3 without considering the energy that can be obtained from the H-2 produced, show that the ammonia electrolysis technology has promising potential for the deammonification of wastewater with less energy consumption than the conventional nitrification/denitrification process.;10.1021/ie3015022
SnO2, IrO2, Ta2O5, Bi2O3, and TiO2 nanoparticle anodes: electrochemical oxidation coupled with the cathodic reduction of water to yield molecular H2;"Choi, J; Qu, Y; Hoffmann, M R";2012;"BLUE; DEGRADATION; DOPED DIAMOND ELECTRODE; EFFLUENT; Electrochemical oxidation; HYDROGEN-PRODUCTION; Hydrogen production; INDUSTRY; Nanoparticle coatings; Organic compound oxidation; PHENOL; SYSTEM; Semiconductor composites; Sustainable development; WASTE-WATER; Wastewater treatment";In recent years, the search for environmentally friendly alternative energy sources with reduced carbon footprints has increased. The coupling of photovoltaic power sources with advanced electrolysis systems for hydrogen production via water splitting using organic contaminants as sacrificial electron donors has been considered to a be viable alternative. In this report, we demonstrated the feasibility of a scaled-up rooftop prototype of the proposed hybrid photovoltaic-electrolysis system, which utilizes semiconductor nanoparticles coated on to metal substrates as electrodes for the generation of hydrogen coupled with the oxidation of wastewater. Application of an anodic bias of >2.0 V to bismuth-doped TiO2 (BiOx-TiO2) on Ti metal anodes with a sequential under-coatings of nanoparticulate SnO2, IrO2, Ta2O5, and Bi2O3 results in the electrochemical degradation of a variety of organic chemical contaminants in water (i.e., rhodamine B (Rh. B), methylene blue (MB), salicylic acid, triclosan, and phenol) and actual wastewater from a chemical manufacturing plant, while at the same time, molecular hydrogen is produced at stainless steel (SS) cathodes. The kinetics of the anodic substrates oxidation is investigated as a function of the cell current (I-cell), substrate concentration, and background electrolyte composition (e. g., NaCl, Na2SO4, or seawater). Average current efficiencies were found to be in the range of 4-22 %, while the cathodic current and energy efficiencies for hydrogen production were found to be in the range of 50-70 % and 20-40 %, respectively.;10.1007/s11051-012-0983-5
Biohydrogen production from potato processing wastewater using double-chamber microbial electrolysis cell with Ru and Pd coated graphite cathodes;"Muratçobanoglu, F; Oguz, M; Demirel, S";2026;"ANODE; Biohydrogen; Double chamber MEC; Electrode coating; Energy efficiency; FUEL-CELL; HYDROGEN-PRODUCTION; IMPACT; Microbial community; OXIDE; OXYGEN REDUCTION REACTION; PERFORMANCE; POWER-GENERATION; Potato industry wastewater; SHEWANELLA-ONEIDENSIS MR-1; Techno economic analysis; VOLTAGE";Microbial electrolysis cells (MECs) are promising for biohydrogen production from waste streams, yet their overall energy efficiency requires enhancement to be viable. This study, for the first time, utilized doublechamber MECs with graphite (Gr), ruthenium-coated graphite (Ru), and palladium-coated graphite (Pd) cathodes for biohydrogen production from potato processing wastewater under various applied voltages. The highest hydrogen evolution rate (HER) and energy efficiency (eta e) were achieved in the Ru reactor at 1.0 V, reaching 0.43 LH2 L- 1d- 1 and 106 %, respectively. These represent improvements of 81 % in HER and 33 % in eta e compared to the uncoated Gr reactor. The surface morphology of the Ru and Pd coated electrodes was characterized by SEM and XRD. Next-generation sequencing of the anode biofilm indicated a microbial community comprising polysaccharide-consuming bacteria, such as the phylum Bacteroidetes, and key exoelectrogens, including the genus Geobacter. An Artificial Neural Network (ANN) model (R2 = 0.9432) was also developed to simulate HER performance, confirming high performance of Ru-coated cathode under various voltages. A techno-economic analysis (TEA) was conducted to assess the effect of cathode coating on the payback period. The analysis revealed that Pd and Ru coatings reduced the payback period by approximately 36 % and 34 %, respectively.;10.1016/j.bioelechem.2025.109130
Self-supported CoNiFe@Mo-Ni3S2 heterophase electrocatalyst for direct coal gasification wastewater electrolysis;"Cheng, S M; Cheng, X X; Guo, F Q; An, D H; Zhang, J S";2026;"AEMWE system; Ammonia-nitrogen conversion; Coal gasification wastewater (CGW); HIGHLY EFFICIENT; Heterophase; Self-supported electrocatalyst";Development of robust and corrosion-resistant anodes is crucial for large-scale alkaline industrial coal gasification wastewater (CGW) electrolysis in an anion-exchange membrane water electrolyser (AEMWE). Herein, we develop a corrosion strategy to construct a self-supported electrocatalyst (CoNiFe@Mo-Ni3S2) with high mechanical stability by anchoring the CoNiFe medium-entropy alloy catalytic layer onto a dense interlayer of Mo-Ni3S2 support. The CoNiFe@Mo-Ni3S2 catalyst exhibits a strengthened heterophase between the crystalline Mo-Ni3S2 interlayer and amorphous CoNiFe catalytic layer, significantly facilitating electron diffusion and reaction kinetics. In 1 M KOH +50% CGW, the CoNiFe@Mo-Ni3S2 electrode delivers low apparent anodic overpotentials of 124 and 202 mV at 50 and 100 mA cm- 2, respectively, where OER is coupled with the electrooxidation of ammonia nitrogen and organic pollutants. The CoNiFe@Mo-Ni3S2-based AEMWE single cell further achieves a current density of 0.5 A cm-2 at 1.74 V. Remarkably, the system simultaneously achieves 92.6% ammonia-nitrogen removal and 51.4% chemical oxygen demand (COD) reduction. Post-reaction Raman, XRD, and XPS analyses reveal that interfacial electronic coupling between crystalline Mo-Ni3S2 and amorphous CoNiFe promotes surface reconstruction into high-valence (Ni, Co, Fe)-OOH species, while the residual sulfide interlayer provides conductive and mechanically robust support. These results demonstrate the potential of CoNiFe@Mo-Ni3S2 for coupling hydrogen production with CGW treatment and resource utilization.;10.1016/j.ijhydene.2026.156240
Regulating electronic structure by Mn doping for nickel cobalt hydroxide nanosheets/carbon nanotube to promote oxygen evolution reaction and oxidation of urea and hydrazine;"Wu, K L; Cao, C Y; Li, K R; Lyu, C; Cheng, J R; Li, H Y; Hu, P F; Wu, J W; Lau, W M; Zhu, X X; Qian, P; Zheng, J L";2023;"EFFICIENT; ELECTROCATALYST; Electrocatalytic water splitting; Energy-saving; LAYERED DOUBLE HYDROXIDE; Mn doping; Oxygen evolution reaction; PERFORMANCE";Electrocatalytic water splitting is one of the direct and efficient means to yield high-purity hydrogen, but it still exists some challenges in addition to the sluggish anodic oxygen evolution reaction (OER). Constructing highly -efficient electrocatalysts with superior properties plays an essential role in industrial hydrogen production. In this work, a novel electrocatalyst with a distinctive three-dimensional (3D) structure is constructed by inter-twining two-dimensional (2D) hexagonal NiCo hydroxide nanosheets (NiCo HNS) with one-dimensional (1D) carbon nanotubes (CNTs). The strategy of elemental doping engineering is employed to further enhance the catalytic performance. The as-fabricated composite of Mn-doped nickel cobalt hydroxide nanosheets intertwined with CNTs (1.5Mn-NiCo HNS/CNT) delivers superior OER electrocatalytic performance, which requires an overpotential of only 239 mV to achieve the current density of 10 mA cm-2 in 1 M KOH. Compared to NiCo HNS/ CNT, the 1.5Mn-NiCo HNS/CNT electrocatalyst exhibits characteristics of improved electrical conductivity, larger electrochemical active surface area (ECSA), and faster reaction kinetics due to Mn doping. Density functional theory (DFT) calculations revealed that the adsorption of OH- during the first step of OER process was the potential determining step for the Mn substituted Co sites, and the Mn substituted Co sites were the optimum reactive sites that determined the OER performance of the 1.5Mn-NiCo HNS/CNT. Mn doping was proved beneficial to optimize the reaction path and decrease the reaction kinetics energy barrier. The addition of urea or hydrazine into the electrolyte directly decreases the energy consumption and realize their decomposition as pollutants in industrial and agricultural wastewater.;10.1016/j.cej.2022.139527
Maximizing Bio-Hydrogen Production from an Innovative Microbial Electrolysis Cell Using Artificial Intelligence;"Fathy, A; Rezk, H; Yousri, D; Alharbi, A G; Alshammari, S; Hassan, Y B";2023;"ENERGY; WASTE-WATER TREATMENT; artificial intelligence; bio-hydrogen; microbial electrolysis cell; optimization";In this research work, the best operating conditions of microbial electrolysis cells (MECs) were identified using artificial intelligence and modern optimization. MECs are innovative materials that can be used for simultaneous wastewater treatment and bio-hydrogen production. The main objective is the maximization of bio-hydrogen production during the wastewater treatment process by MECs. The suggested strategy contains two main stages: modelling and optimal parameter identification. Firstly, using adaptive neuro-Fuzzy inference system (ANFIS) modelling, an accurate model of the MES was created. Secondly, the optimal parameters of the operating conditions were determined using the jellyfish optimizer (JO). Three operating variables were studied: incubation temperature (degrees C), initial potential of hydrogen (pH), and influent chemical oxygen demand (COD) concentration (%). Using some measured data points, the ANFIS model was built for simulating the output of MFC considering the operating parameters. Afterward, a jellyfish optimizer was applied to determine the optimal temperature, initial pH, and influent COD concentration values. To demonstrate the accuracy of the proposed strategy, a comparison with previous approaches was conducted. For the modelling stage, compared with the response surface methodology (RSM), the coefficient of determination increased from 0.8953 using RSM to 0.963 using ANFIS, by around 7.56%. In addition, the RMSE decreased from 0.1924 (using RSM) to 0.0302 using ANFIS, whereas for the optimal parameter identification stage, the optimal values were 30.2 degrees C, 6.53, and 59.98 (%), respectively, for the incubation temperature, the initial potential of hydrogen (pH), and the influent COD concentration. Under this condition, the maximum rate of the hydrogen production is 1.252 m(3)H(2)/m(3)d. Therefore, the proposed strategy successfully increased the hydrogen production from 1.1747 m(3)H(2)/m(3)d to 1.253 m(3)H(2)/m(3)d by around 6.7% compared to RSM.;10.3390/su15043730
Scrutinizing the electrocatalytic activity of ultra-low Pt- and Se-doped Ni nanoparticles/porous carbon electrocatalysts for tri-iodide reduction and urea oxidation;"Aftabuzzaman, M; Rahman, M M; Zhou, H R; Masud; Lee, J; Matyjaszewski, K; Kim, H K";2026;"BIFUNCTIONAL CATALYSTS; COORDINATION ENVIRONMENT; Dye-sensitized solar cells; Electrocatalysts; HYDROGEN EVOLUTION; SINGLE; SITES; Single-atom doping; Surface reconstruction; TOTAL-ENERGY CALCULATIONS; Tri-iodide reduction reaction; Urea oxidation reaction";Surface reconstruction of electrocatalysts at the atomic scale is a powerful strategy to enhance catalytic performance by maximizing atomic utilization, modulating electronic structures, and generating highly active surface sites. In this work, ultra-low amounts of Pt and Se atoms were individually doped onto Ni nanoparticles embedded in a nitrogen-doped porous carbon (PC) matrix (denoted as Pt1Ni/PC and SexNi/PC) via wet impregnation and surface adsorption methods. These atomic-level-modified catalysts were applied to the triiodide reduction reaction (IRR) and the urea oxidation reaction (UOR), demonstrating excellent catalytic activity and stability. For the IRR, both catalysts exhibited low charge transfer resistance (R-ct), resulting in high power conversion efficiencies in N719-based dye-sensitized solar cells (DSSCs). In the UOR, the catalysts achieved high current densities, low overpotentials, and small Tafel slopes, highlighting their fast reaction kinetics and superior electrocatalytic performance. Notably, a two-electrode system employing these catalysts delivered a current density of 50 mA cm(-2) at a low cell voltage of 1.57 V, which is approximately 0.22 V lower than that required for OER-driven water electrolysis (1.79 V). This performance underscores their promise for sustainable hydrogen production, direct urea fuel cells, and wastewater treatment applications. Density functional theory calculations further support the experimental findings, revealing that the atomic-level modification significantly enhances the electronic structure and catalytic activity of the Ni/PC framework.;10.1016/j.cej.2026.176375
Mechanistic insights into urea-assisted NiCu electrocatalysts for enhanced ammonia electrolysis from concentrated wastewater;"Zhang, R H; Liu, Y; Xu, L J; Pan, W L; Zhao, Y P; Wang, C; Zhang, Z H; Gu, L; He, Q; Wang, X Z";2026;"Ammonia electrolysis; CATALYST; Concentrated wastewater; DECOMPOSITION; ELECTRODEPOSITION; HYDROLYSIS; NiCu bimetallic catalyst; OXIDATION; Urea";"Urea is widely adopted in the synthesis of NiCu catalysts, yet its intrinsic regulatory mechanism during electrodeposition remains ambiguous. In this study, experiments combined with molecular dynamics (MD) simulations were used to uncover the modulation effect of urea on Ni/Cu electrodeposition for electrocatalytic NH3 cracking toward H2 production. Among the three tested urea concentrations (0, 5, and 10 mmol L-1), 5 mmol L-1 was identified as the optimal dosage. This optimal condition yielded the maximum current density (47.47 mA cm-2) and the largest electrochemically active surface area (243.33 cm2). The as-fabricated NiCu catalyst achieved an outstanding NH3-N degradation efficiency of 91.44%, a nitrogen selectivity of 73.21%, a Faradaic efficiency of 53.57%, and a minimized energy consumption of 16.08 kW & centerdot;h kg-1 . Combined electrode characterization and MD simulations revealed an explicit structure-performance relationship: urea retarded the migration of Ni2+ and Cu2+ and regulated their deposition kinetics, thereby enabling a uniform Ni-Cu elemental distribution. This study demonstrates that a moderate urea concentration is a feasible strategy to tailor NiCu deposition behavior, providing a rational guideline for the targeted design of high-efficiency alloy electrocatalysts.";10.1016/j.mtcomm.2026.115569
"Manipulation of Hydrogen Transfer Behaviors by RhCu Alloying Enables an All-in-one Sustainable ""Furfural-Nitrate"" System";"Long, X; Zhao, B; Liu, D N; Fu, G D; Yang, H; Feng, R F; Chen, N; Ding, H K; Wu, J Y; Liao, Y F; Liu, S Q; Zhang, Y; Fu, X Z; Luo, J L";2025;"CURRENT-DENSITY; Copper-rhodium nanoalloy; Electrochemical ammonia synthesis; Hydrogen regulation and production; Multifunctional galvanic cell; REDUCTION; Wastes recycling";"Nitrate and furfural are typical wastes mainly from industrialization and agriculturalization progresses, and their clean conversions are still very challenging for a sustainable future. Nevertheless, scant attention has been devoted to the core issues: the rational integration of two wastes recycling and the targeted manipulation of hydrogen (H*) transfer behaviors to address their sluggish reaction kinetics. Herein, we report an all-in-one electrochemical energy system that is thermodynamically designed by coupling nitrate reduction (NO3RR) and furfural oxidation reactions (FORs) together. Particularly, the poor kinetics for both electrode reactions are efficaciously optimized by the bifunctional electrocatalyst of RhCu alloy nanowires on copper foam (RhCu NW/CF) with highly improved dual-directional H*-modulation performances, thus initializing NO3RR for NH3 synthesis at +0.31 V and driving FOR for H2 harvest at an onset potential lower than 0 V. Eventually, such integrated ""Furfural-Nitrate"" system can simultaneously effectuate the electricity energy supply (10.76 mW cm-2), wastewater purification, cathodic hydrogen storage (NH3), anodic H2 production, and biomass upgrading. Hence, it provides a promising perspective of ""turning waste into treasure"" in a rational manner, justifying its all-in-one property in addressing the global challenge of sustainable energy.";10.1002/anie.202503424
Parametric analysis of wastewater electrolysis for green hydrogen production: A combined RSM, genetic algorithm, and particle swarm optimization approach;"Ahmad, A; Yadav, A K";2024;"BIOMASS; DRY; Electrolysis; GA; HEAT; HHO; HHO GAS; Optimization; PERFORMANCE; PSO; Prediction; RSM; SYSTEM";The production of green hydrogen from wastewater presents a significant opportunity to address environmental challenges associated with wastewater treatment and fulfill the increasing demand for renewable and sustainable energy sources. This study aimed to determine the optimal operating parameters for maximizing hydrogen production through wastewater electrolysis. To design the experimental runs, a Box-Behnken design (BBD) with an L17 array was implemented, while Response Surface Methodology (RSM) in conjunction with Genetic Algorithms (GA) and Particle Swarm Optimization (PSO) was employed to develop predictive models and optimize the operating parameters. The operating parameters considered were the catalyst amount (g), electrode voltage (V), and electrolysis time (min), and the response variable was the oxyhydrogen (HHO) gas generation rate (L/ min). The comparative analysis shows that the optimized parameters obtained through RSM surpassed those obtained through GA and PSO, with a catalyst amount of 99.42 g, an electrode voltage of 22.9 V, and an electrolysis time of 23.17 min. Consequently, the HHO generation rate reached a maximum value of 12.42 L/ min. Furthermore, the experimental validation indicated a close agreement between the model's predicted results and the actual experimental outcomes. This study shows the effectiveness of combining RSM, GA, and PSO for accurate prediction and optimization of operating parameters in wastewater electrolysis for green hydrogen production. The identified optimal conditions contribute to enhanced efficiency and increased hydrogen yield, thereby promoting the advancement of sustainable energy systems.;10.1016/j.ijhydene.2024.01.302
Unlocking indirect urea oxidation on sulfate-intercalated ?-type nickel hydroxide through regenerative Ni(OH)2/Ni(OH)O redox cycling;"Yi, X F; Wei, Y; Li, W J; Xiong, J Y; Han, C";2026;"INSIGHT; Ni(OH)O cycling; Sulfate intercalation; Urea oxidation reaction; alpha-Ni(OH)(2)";The urea oxidation reaction (UOR) is a promising alternative to the sluggish oxygen evolution reaction (OER) for energy-efficient hydrogen production, owing to its lower thermodynamic barrier and applicability in treating urea-rich wastewater. However, developing efficient UOR catalysts remains challenging due to the involvement of NiOOH as the conventional active phase. Herein, we report a sulfate-intercalated alpha-Ni(OH)(2) electrocatalyst synthesized via a facile hydrothermal method. Sulfate intercalation suppresses stable NiOOH formation through steric hindrance and charge delocalization, favoring the generation of active Ni(OH)O species. These defect sites enable rapid dehydrogenation, thereby accelerating reaction kinetics. Density functional theory calculations further reveal improved electronic conductivity. The catalyst exhibits good UOR performance, delivering low potentials of 1.406 and 1.431 V vs. RHE at 50 and 100 mA cm(-2), respectively. In a urea-assisted electrolyzer, it achieves stable hydrogen production at 1.58 V at 50 mA cm(-2). Overall, this work provides an effective strategy for optimizing Ni(OH)(2)-based catalysts and highlights UOR as a viable alternative to OER.;10.1016/j.mtener.2026.102321
Solar STEP organic decomposition plus hydrogen: A novel approach to efficient degradation of organic pollutants exemplified by acrylonitrile;"Yuan, D D; Shen, X Y; Tian, L; Gu, D; Zhu, L Y; Wang, B H";2016;"Acrylonitrile; CARBON CAPTURE; DIOXIDE; ENERGY; Electrochemical oxidation; Hydrogen; OXIDATION; Organic decomposition; PERFORMANCE; PHOTOCATALYTIC DEGRADATION; REDUCED GRAPHENE OXIDE; REMOVAL; STEP process; Solar; THERMAL ELECTROCHEMICAL PRODUCTION; WASTE-WATER TREATMENT";The Solar Thermal Electrochemical Process has been adapted to an organic decomposition reaction for application in wastewater treatment plus hydrogen production. The theory and process are proposed and exemplified by efficient decomposition of acrylonitrile (AN) as a model compound of environmental pollutants. The results demonstrate thermodynamically that a decrease in the decomposition energy/electrolysis potential can be achieved with an increase in reaction temperature by solar heating, which also leads to improved reaction kinetics to sustain high rates of decomposition at low electrochemical overpotential. It is demonstrated experimentally that the STEP decomposition process of organic pollutants plus hydrogen production is performed with high efficiency for the removal of acrylonitrile by 21.6% at 25 degrees C, 34.5% at 40 degrees C, and 56.3% at 75 degrees C using an applied current of 50 mA. The process provides lower potential and higher efficiency compared with the conventional electrochemical oxidation by balancing and controlling the thermal and electrochemical components. Based on the results of the CV, GC and experimental analysis, the pathways are proposed and explained for the thermo- and electrochemical decomposition of acrylonitrile using the solar STEP process. Due to the solar thermo- and electrochemical combination, this pathway is shifted from the indirect reaction of the conventional electrooxidation involving several intermediates to a direct pathway with rapid rate and high efficiency with synergetic production of hydrogen. (C) 2016 Hydrogen Energy Publications LLC. Published by Elsevier Ltd. All rights reserved.;10.1016/j.ijhydene.2016.07.253
Heteroatom-Engineering Promoted Co9S8 Bi-functional Electrocatalyst for Hydrazine-Assisted Hydrogen Production at Industrial Current Density;"Meng, Y Y; Xiang, C Y; Zhang, W B; Zeng, D H; Du, B; Zhong, B; Jiang, Y; Voiry, D; Gao, Q S";2026;"CARBON; CATALYST; bifunctional electrocatalyst; energy-saving hydrogen production; heteroatom engineering; hydrazine-assisted water splitting";Hydrazine-assisted water electrolysis is promising to achieve energy-saving hydrogen production in combination with removal of hydrazine contamination, but efficient electrocatalysts to accelerate hydrogen evolution and hydrazine oxidation reactions (HER and HzOR) collaboratively remain challenging. Here, we report the synthesis of Fe and P co-doped Co9S8 (Fe, P-Co9S8) nanocorals as bifunctional electrocatalysts toward HER and HzOR, with the industrial current density of +/- 500 mA cm-2 at only -280 and 225 mV versus RHE in 1.0 m KOH, respectively. The combined experimental and theoretical analysis unveil the electronic regulation via Fe and P co-doping, not only lowers the water dissociation barrier and optimizes the H* adsorption/desorption for HER, but also favors the deprotonation kinetics for HzOR. When integrated into an anion-exchange membrane electrolyzer, Fe, P-Co9S8 achieves outstanding hydrazine-assisted electrolysis with a cell voltage of only similar to 404 mV at 500 mA cm-2 - far lower than that of conventional water splitting. This energy-saving hydrogen production can be directly powered by a poly-Si solar cell or direct hydrazine fuel cell (DHzFC). Simultaneously, hydrazine-containing wastewater (0.5 M) is rapidly decomposed to similar to 7 ppb, below the allowable threshold for industrial recycled water. These results underscore the strong practical potential of Fe, P-Co9S8 catalysts in addressing both energy and environmental challenges.;10.1002/adfm.202524807
A corrosion-resistant diamond-supported NiFe-LDH electrode for efficient oxygen evolution;"Su, M Y; Zhu, S L; Cui, Z D; Li, Z Y; Wu, S L; Xu, W C; Gao, Z H; Liang, Y Q; Jiang, H";2026;"Advanced oxidation process; Boron-doped diamond; Electrocatalytic water splitting; HYDROGEN; Hydroxyl radical; Nickel-iron layered double hydroxide; Oxygen evolution reaction; WASTE-WATER; Wastewater purification";Nickel-iron layered double hydroxide (NiFe-LDH) is a highly efficient oxygen evolution catalyst, whose activity stems from the in situ formation of the active beta-NiOOH phase during anodic polarization. However, its practical stability is limited by substrate corrosion and degradation under high potentials. This work pioneers a corrosion-resistant NiFe-LDH electrocatalyst based on boron-doped diamond (BDD), which exhibits exceptional substrate durability with an extremely low corrosion current density of only 2.33 mu A cm-2 in 1 M KOH. The NiFe-LDH/ BDD electrode exhibits an outstanding oxygen evolution reaction performance, requiring an overpotential of just 254 mV to deliver 10 mA cm-2 and a very low Tafel slope of 34 mV dec-1, indicating favorable reaction kinetics. Furthermore, we propose a conceptually integrated system that enables synergistic organic wastewater purification and green hydrogen production in a single electrolytic cell. This work highlights the potential of NiFe-LDH/BDD as a durable OER electrode, and further demonstrates its conceptual applicability in wastewater-integrated electrolysis, offering a promising direction for sustainable resource recovery.;10.1016/j.jallcom.2026.187167
BiVO4/Bi:NiO/Co-Ci photoanode and BiVO4-Cu3BiS3 tandem cell for unbiased solar hydrogen evolution and simultaneous urea oxidation;"Luo, X Y; Tan, X L; Guo, X Y; Liu, Y; Shi, Z T; Huang, D W; Jiang, F";2025;"BIVO4; REDUCTION";Photoelectrochemical urea oxidation enabled by BiVO4 photoanodes offers an attractive and sustainable pathway for concurrently achieving efficient hydrogen production and efficient remediation of urea-rich wastewater. However, the intrinsically sluggish kinetics of the urea oxidation reaction, coupled with inefficient interfacial charge transfer at the electrode/electrolyte interface, remain critical challenges that hinder the further enhancement of photoelectrochemical urea oxidation performance of BiVO4 photoanodes. Herein, we report a rational surface engineering strategy to enhance both the efficiency and stability of BiVO4 photoanodes via the construction of a NiO hole transport layer and Co-Ci cocatalyst. Furthermore, a Bi ion doping strategy was adopted to further optimize the hole-extraction capability of NiO, thereby promoting charge separation and transport. Ultimately, the champion BiVO4/2.5%Bi:NiO/Co-Ci photoanode delivered a photocurrent density of 5.8 mA cm-2 at 1.23 VRHE, a Faradaic efficiency of 88.6%, and excellent operational stability exceeding 8 hours. Notably, integration with a Cu3BiS3 photocathode enables a BiVO4-Cu3BiS3 tandem cell for unbiased, solar-driven, coupled urea oxidation and hydrogen evolution, delivering a photocurrent density of 2.0 mA cm-2 and stable operation exceeding 20 hours. This work presents a viable approach to overcoming the inherent challenges of BiVO4 photoanodes for photoelectrochemical urea oxidation, underscoring their potential for integrated solar energy conversion and wastewater remediation.;10.1039/d5ta07828h
Boosted simultaneous pollutant degradation and H2 production of TiO2 nanotube arrays by surface and interface engineering;"Peng, R G; Zhen, Y P; Gao, L K; Ma, L R; Zhou, Y; Wang, G; Ding, N B; Yang, C; Ma, D X; Wang, G X";2025;"Cotton-like LaFeO3; Heterostructure; Hydrogen production; LAFEO3; LIGHT; Photoelectrochemical catalysis; Pollutant degradation; STABILITY; TiO2 nanotube arrays; WATER OXIDATION";Extensive applications of green hydrogen (H2) from water electrolysis are restricted by wide voltage window and high energy consumption because of the sluggish anodic oxygen evolution reaction. To overcome the shortcomings, binder-free 3D electrodes are constructed by electrodepositing cotton-like LaFeO3 on the surface of TiO2 nanotube arrays (LFO/TiO2), and a collaborative strategy is proposed to simultaneously produce H2 and degrade the typical pollutant glyphosate (PMG) via photoelectrochemical (PEC) technique with low energy consumption using the LFO/TiO2 electrode. The effects of heterostructure on the interfacial charge separation and transfer kinetics are investigated with multiple techniques. The LFO/TiO2 photoanode exhibits a high photocurrent density of 5.72 mA center dot cm-2 at 1.23 V and a high applied bias photon-to-current efficiency (ABPE) of 1.72 % at 0.72 V (vs. RHE), approximately 4.9 times that of the pristine TiO2 photoanode. Furthermore, the LFO/ TiO2 photoanode presents a high PEC glyphosate degradation efficiency of 79.4 % within 3 h, accompanied by a H2 evolution rate of 94.0 mu mol/(cm2 center dot h). The energy consumption is reduced around 47.6 % by illumination under the same conditions. This work proposes an applicable sunlight-assisted, efficient and sustainable method for simultaneous H2 production and wastewater treatment.;10.1016/j.jece.2025.117139
Synergistic hydrogen production and pollutant degradation in synthetic high-salinity dyeing wastewater via reverse electrodialysis;"Li, F L; Wang, L; Li, S A; Leng, Q; Ma, A H; Zhou, X; Wu, X";2025;"ACID ORANGE 7; COMMUNITY; ENERGY; Electrochemical oxidation; High-salinity dyeing wastewater; Hydrogen production; IONS; Membrane technology; PERFORMANCE; PERMEATION; POWER-GENERATION; Pollutant degradation; Reverse electrodialysis; SIMULATION";High-salinity dyeing wastewater containing high-concentration inorganic salts and refractory organics poses critical environmental challenges, while conventional treatment methods fail to simultaneously recover energy and degrade contaminants. This study presents an innovative reverse electrodialysis system powered by highsalinity dyeing wastewater, which simultaneously harnesses salinity gradient energy for hydrogen production and achieves efficient pollutant mineralization. The effects of various inorganic salt concentration ratios in wastewater on hydrogen production performance, degradation rate, and energy conversion are experimentally investigated. Subsequently, the hydrogen production performance and degradation effects of mixed multivalent salt solution are compared and analyzed. The results show that the NaCl system exhibits superior short-circuit current (0.2 A), resulting in a hydrogen production peak of 0.10 L center dot h- 1 and a degradation rate of 99.38 %. Additionally, compared to other single-component salt systems, the NaHCO3 system achieved superior energy conversion efficiencies, with a hydrogen energy efficiency of 8.24 % and an output power efficiency of 0.68 %. Notably, in multivalent salt mixtures, competitive ion migration effects and the negative impact of divalent ions led to significant reductions in hydrogen production rate (35.0 %) and pollutant degradation rate (32.3 %) compared to the monovalent NaCl system. This study provides new insights into the sustainable management of high-salinity dyeing wastewater through resource utilization and harmless treatment.;10.1016/j.seta.2025.104666
The role of nickel hydroxide phases in wastewater electrolysis for sustainable green hydrogen production;"Zitzmann, W; Nair, A S; Paulus, B; Rafferty, A; Yi, X R; Robertson, N; Kirk, C; Sofianos, M V";2026;"CATALYST; ELECTROOXIDATION; MECHANISM; OXIDATION; UREA";The energy sector plays a major role in driving climate change. Sustainable green hydrogen production through wastewater electrolysis is a promising alternative to fossil fuel consumption, without putting at risk precious resources, such as freshwater, at periods of high energy demand. This study investigates how interfacial engineering can be implemented in order to enhance the electrocatlytic activity of earth abundant nanostructures, such as nickel hydroxide, in water/wastewater electrolysis. It was demonstrated that the Ni(OH)2 sample containing a mix of alpha- and beta-phases phases (alpha beta 1-Ni(OH)2) exhibited the best oxygen evolution reaction (OER) performance due to the synergistic interface between the two phases, which enhanced its catalytic activity and reaction kinetics compared to single-phase samples. It showed a low Tafel slope of 18.8 mV dec-1 and potentials of 1.42, 1.63, and 1.82 V vs. RHE at current densities of 10, 100, and 500 mA cm-2, respectively. This alpha beta 1-Ni(OH)2 sample was also tested for urea oxidation reaction (UOR). While UOR kinetics were slower (Tafel slope of 31.5 mV dec-1), the potentials at 10 and 100 mA cm-2 (1.40 and 1.60 V vs. RHE) were slightly lower than those for OER, indicating higher energy efficiency at lower current densities. However, at 500 mA cm-2, the UOR potential increased significantly to 2.20 V vs. RHE, compared to 1.82 V vs. RHE for OER, likely due to competition between UOR and OER at high current densities. Post-stability testing revealed surface degradation (cracking, sintering, oxidation, and oxygen defect formation) in OER conditions, while the same sample remained morphologically and chemically stable during UOR testing. This new knowledge provides valuable information into the design and interfacial engineering of Ni(OH)2 nanostructures for wastewater electrolysis.;10.1039/d5nr05037e
Interfacially engineered Co-MOF@P-SnCoFe layered double hydroxides electrocatalyst for chloride-resistant bifunctional water electrolysis in saline wastewater;"Zhang, Y; Qi, Z X; Fu, D W; Wang, Y; Zhang, W J; Qi, Y; Mi, H Y; Guo, C Y; Abulizi, X; Guan, Q Q; Yin, S; Xie, Y H; Dai, B";2026;"Chloride resistance; Heterostructure engineering; Layered double hydroxide; Oilfield wastewater; Urea oxidation reaction; ZIF-67";"The oxygen evolution reaction (OER) remains a major bottleneck in water electrolysis due to its sluggish kinetics, which fundamentally limits the overall efficiency of hydrogen production. In contrast, the urea oxidation reaction (UOR) offers a promising alternative with significantly lower overpotential, thereby reducing energy consumption. However, the development of stable and multifunctional electrocatalysts for simultaneous efficient hydrogen production and wastewater treatment poses a considerable challenge. In this study, a hierarchical amorphous Co-MOF-modified P-SnCoFe-layered double hydroxides (LDHs) heterostructure (denoted as Co-MOF@P-SnCoFe-LDHs) electrocatalyst was developed through a ""MOF interfacial anchoring-dual doping electronic reconstruction"" strategy, which integrates ZIF-67 Co-MOF with P/Sn co-doped CoFe-LDHs. The optimized catalyst exhibits exceptional bifunctional activity, achieving outstanding UOR performance with potentials of 1.34 and 1.53 V (vs. RHE) to achieve current densities of 10 and 50 mA cm-2, respectively. For the OER, it requires low overpotentials of 213 mV (1 mol L-1 KOH) and 237 mV (oilfield wastewater) at 10 mA cm-2. Mechanistic studies reveal that the spatial confinement effect of amorphous Co-MOF enhances chloride corrosion resistance, leading to a 27% improvement in operational stability. Concurrently, pi-d conjugation between the imidazole ligands and the Sn-P network facilitates charge transfer, reducing the charge-transfer resistance by 31% (R ct = 1.98 Omega). Furthermore, the constructed multi-phase interfaces promote the generation of active intermediates at lower applied potentials (1.0-1.1 V vs. RHE). This work provides a rational catalyst design strategy for energy-efficient hydrogen production and wastewater treatment under harsh saline conditions.Graphical abstract Co-MOF@P-SnCoFe-LDH/NF was successfully prepared via a simple electrodeposition-immersion method. The pi-d conjugation between imidazole ligands and the Sn-P network facilitates charge transfer, while the constructed heterogeneous interface promotes the generation of active intermediates at a low applied potential (1.0-1.1 V vs. RHE), enabling efficient hydrogen evolution and wastewater treatment under high-salt conditions.";10.1007/s42864-026-00393-w
Modeling 3D current and potential distribution in a microbial electrolysis cell with augmented anode surface and non-ideal flow pattern;"Hernández-García, K M; Cercado, B; Rodríguez, F A; Rivera, F F; Rivero, E P";2020;"BIOANODE; BIOFILMS; Bioelectrochemical system; Current distribution; Electroactive microorganisms; FUEL-CELLS; HYDROGEN-PRODUCTION; MECS; Microbial electrolysis cells; Model; PERFORMANCE; SCALING-UP; TECHNOLOGY; WASTE-WATER TREATMENT";The extraction of energy from wastewater organic matter by microbial electrolysis cells (MEC) is a promising idea. However, different challenges have to be overcome before this technology can be used in a practical application. One of the most important is the development of reactor configurations that can be able to produce higher external current and, thereby, a larger amount of energy carriers without significant deterioration of cell performance. Thus, a comprehensive 3D model, developed in this work, aims to investigate distributions of current, potential, and concentrations inside a MEC reactor and their effect on overpotential distribution over the surface of electrodes to evaluate the reactor performance. The model is applied to simulate a flow reactor designed with 147.6 m(2) m(-3) geometric surface area of the anode per unit volume. The results show the combined effect of flow pattern and electric field on the reactor behavior and performance. The model results of integrated current density over electrode surfaces closely describe experimental data of external current and hydrogen generation vs. time in feeding cycles. Experimental averages of maximum hydrogen production rate and electric current reached in each feeding cycle were 0.107 m(3) m(-3) h(-1) and 0.29 A, respectively.;10.1016/j.bej.2020.107714
Nanostructured ?-NiS Catalyst for Enhanced and Stable Electro-oxidation of Urea;"Wu, T H; Lin, Y C; Hou, B W; Liang, W Y";2020;"3-DIMENSIONAL NICKEL FRAMEWORK; ARRAYS; EFFICIENT; ELECTROCATALYTIC OXIDATION; ELECTRODES; ELECTROLYSIS; FOAM; HYDROGEN EVOLUTION REACTION; MECHANISM; PERFORMANCE; electrocatalyst; hydrogen energy source; nickel sulfide; urea oxidation";Urea oxidation reaction (UOR) has received a high level of recent interest since electrochemical oxidation of urea can remediate harmful nitrogen compounds in wastewater and accomplish hydrogen fuel production simultaneously. Thus, urea is considered to be potential hydrogen energy source that is inherently safe for fuel cell applications. However, the catalytic reaction suffers from slow kinetics due to six electron transfer in UOR. In this work, beta phase NiS is successfully prepared through facile hydrothermal reaction, in which diethanolamine (DEA) was added as chelating agent leading to 3D nanoflower morphology. The crystal structure, surface morphology, and chemical bonding of the beta-NiS were characterized by X-ray diffraction (XRD), scanning electron microscope (SEM), and X-ray photoelectron spectroscopy (XPS), respectively. The UOR performance of NiS was evaluated by means of linear sweep voltammetry (LSV), Tafel analysis, electrochemical impedance spectroscopy (EIS), chronoamperometry, and chronopotentiometry in 1 M KOH electrolyte containing 0.33 M urea. Compared to the Ni(OH)(2) counterpart, NiS exhibits lower onset potential, increased current responses, faster kinetics of urea oxidation, lower charge transfer resistance, and higher urea diffusion coefficient, leading to the enhanced catalytic performance toward UOR. Moreover, the developed NiS catalyst exhibits superior stability and tolerance towards urea electro-oxidation in 10,000 s test.;10.3390/catal10111280
Development and evaluation of an electro-Fenton-based integrated hydrogen production and wastewater treatment plant coupled with the solar and electrodialysis units;"Hu, L L; Yan, G X; Chauhan, B S; Elbadawy, I; Abouelela, M; Marefati, M; Salah, B";2023;"BIOMASS; Desalinated water; ENERGY; EXERGY; Economic model; FUEL-CELL; GAS; GASIFICATION; Hydrogen production; OPTIMIZATION; Optimization; SYSTEM; Solar energy; Wastewater treatment";The development of plants for the simultaneous production of green energy and clean water, in addition to improving the energy system performance, can facilitate the achievement of sustainable development. Meanwhile, hydrogen is one of the promising fuels that can overcome the intermittent penalties of renewable energy sources. In addition, due to environmental restrictions, the industry is forced to effectively treat wastewater for reuse. This article describes the evaluation of an economic model and optimization of an integrated hydrogen production and wastewater treatment plant based on an electro-Fenton process (EFP)-based photo electrochemical stack (PES), a solar unit, and an electrodialysis unit. The wastewater supplied to the plant is the effluent of a textile factory. In addition, a concentrating photovoltaic thermal collector (CPVT) has been used as a solar unit in the plant. In the offered plant, the electrodialysis unit is able to produce the required alkaline and acid of the PES unit as well as desalinated water. The developed economic model is based on estimating the cost of hydrogen production per kilogram of hydrogen output (i.e., Levelized Cost of Hydrogen, LCOH) on a large scale plant (1072 kg H2/day). In this regard, approximately 230 m3/day of wastewater from the textile factory is treated. Relying on the proposed process can minimize the external chemical requirements of the hydrogen production and wastewater treatment plant. The value of LCOH for the planned plant was estimated to be 5.16 USD/kgH2. However, under the developed optimization, the LCOH value can be declined by almost 7.6%. According to calculations, the profitability of the wastewater treatment process can be approximately 0.082 M USD per year. It was also found that, the value of LCOH exhibits the most sensitivity to variations in operating capacity factor and the least sensitivity to variations in utilities consumption rate. A sensitivity analysis is also developed to identify effective solutions in evaluating the economic performance of the planned plant.;10.1016/j.psep.2023.06.072
Atomically local electric fields drive *OH-mediated dehydrogenation for ultralow-voltage hydrazine oxidation and energy-saving hydrogen evolution;"Wang, G X; Ren, W K; Ji, K; Zhang, F K; Yang, J H; Wang, J; Li, X K; Liu, R L; Wang, J; Ji, Y J; Wang, S Y; Wu, J Y; Bai, W L; Ni, B J; Yang, Z Y; Yan, Y M";2026;"Atomically local electric field; Dehydrogenation; Hydrazine oxidation; Hydrogen bond interaction";Replacing the anodic oxygen evolution reaction (OER) with the hydrazine oxidation reaction (HzOR) offers a promising dual-benefit route for energy-saving hydrogen production and simultaneous wastewater treatment, but its kinetics are fundamentally limited by poorly understood dehydrogenation mechanisms. Herein, we reveal that atomically local electric fields promote *OH-mediated dehydrogenation pathways by enhancing the adsorption and reactivity of *OH, which facilitates N-H bond cleavage through hydrogen bonding interactions with reaction intermediates. Guided by Density Functional Theory (DFT) calculations, we rationally designed Aldoped Ni2P electrocatalysts that generate atomically local electric fields, achieving an ultralow potential of -22 mV vs. RHE at 10 mA cm- 2 for HzOR with exceptional stability. When utilizing N2H4-containing sewage as feedstock, the electrocatalytic system requires only 0.32 V to achieve 100 mA cm- 2, effectively degrading N2H4 from 718 to 9 ppb within 60 min. Techno-economic analysis (TEA) reveals that sewage-based hydrogen production costs merely $0.566 kg- 1 H2, substantially lower than conventional water electrolysis ($2.278 kg- 1 H2). This approach enables the design of sustainable industrial plants that simultaneously produce N2 and H2 during sewage recycling, offering a green and economically viable pathway for wastewater-to-energy conversion.;10.1016/j.apcatb.2025.126286
Constructing multi-active-site RuP2/Co2P/Ni2P Electrocatalyst for urea assisted H2 production;"Jiang, H Y; Cai, H Y; Gan, L; Chen, W; Qiu, W; Ren, Y J";2026;"CATALYSTS; Electron transfer; HYDROGEN EVOLUTION; Heterostructure; Hydrogen; SURFACE; Urea oxidation reaction";The development of electrocatalysts with multiple active sites is crucial for overcoming the sluggish kinetics of the urea oxidation reaction (UOR), a promising alternative to the energy-intensive oxygen evolution reaction (OER). Herein, we report the construction of a trimetallic RuP2/Co2P/Ni2P heterostructure catalyst supported on nickel foam (NF) through a facile co-hydrothermal synthesis followed by phosphidation. This integrated approach enables the precise formation of abundant heterointerfaces and strong electronic interactions among the metal phosphides. Comprehensive experimental characterizations confirm that the incorporation of Ru effectively modulates the electronic structure and shifts the d-band center, thereby optimizing the adsorption energy of key reaction intermediates. The resultant catalyst exhibits remarkable electrocatalytic performance for both OER and UOR. In a 1 M KOH electrolyte with 0.2 M urea, the optimized catalyst achieves a current density of 100 mA cm-2 at a low potential of 1.363 V (vs. RHE) for UOR, with a small Tafel slope of 105.41 mV dec-1. For HER, the catalyst achieves a low overpotential of 85.6 mV at 10 mA cm-2 with a Tafel slope of 40.18 mV dec-1, outperforming most reported analogous catalysts. Furthermore, it demonstrates excellent operational stability, maintaining consistent activity over 37 h of continuous operation at 50 mA cm-2. This work provides a viable strategy for designing efficient multi-metallic phosphide heterostructures, highlighting their potential for energy-saving hydrogen production and urea-rich wastewater treatment.;10.1016/j.jelechem.2026.119907
Hierarchical Co/MoNi heterostructure grown on monocrystalline CoNiMoOx nanorods with robust bifunctionality for hydrazine oxidation-assisted energy-saving hydrogen evolution;"Xiao, Z H; Wang, J; Lu, H X; Qian, Y Y; Zhang, Q; Tang, A D; Yang, H M";2023;"CATALYST; CU; ELECTROCATALYSTS; PERSPECTIVE";Replacing thermodynamically unfavorable water oxidation by hydrazine oxidation reaction to accomplish energy-saving hydrogen evolution while efficiently disposing toxic hydrazine-rich wastewater is generally considered as an advantageous strategy. However, the unsatisfactory high voltage of the cell system owing to the lack of the active bifunctional catalysts and insufficient mechanistic understanding of hydrazine oxidation severely limit its development. Hence, we demonstrate the bifunctional metallic hierarchical Co/MoNi heterostructure grown on oxygen vacancy-modified monocrystalline CoNiMoOx nanorods for accelerating both hydrazine oxidation (-23 mV at 100 mA cm(-2)) and seawater reduction (-79 mV at 100 mA cm(-2)). Impressively, such catalyst-assembled hybrid seawater electrolyzer demands an electricity consumption of only 0.143 kW h m(-3) H-2 at 100 mA cm(-2) and cuts 90% power expense compared to traditional alkaline water splitting electrolyzer. DFT calculations reveal that the boosted bifunctional activity is attributed to the construction of Co/MoNi heterostructure that promotes the reaction kinetics of water dissociation, hydrogen adsorption, and stepwise dehydrogenation. These findings help to fundamentally explore the catalytic mechanism of hierarchical metallic heterostructure and highlight the rational design of fast-kinetic bifunctional catalysts for realizing large-scale energy-saving hydrogen evolution and simultaneous fast disposal of hydrazine-rich sewage.;10.1039/d3ta02930a
Controlled Fabrication of Hierarchically Structured MnO2@NiCo-LDH Nanoarrays for Efficient Electrocatalytic Urea Oxidization;"Liu, W J; Xu, W B; Dong, G F; Fang, M";2023;"ARRAYS; CONSTRUCTION; HYDROXIDES; MECHANISM; WATER; hierarchical nanostructure; nickel cobalt hydroxide; urea oxidization";Urea, a prevalent component found in wastewater, shows great promise as a substrate for energy-efficient hydrogen production by electrolysis. However, the slow kinetics of the anodic urea oxidation reaction (UOR) significantly hamper the overall reaction rate. This study presents the design and controlled fabrication of hierarchically structured nanomaterials as potential catalysts for UOR. The prepared MnO2@NiCo-LDH hybrid catalyst demonstrates remarkable improvements in reaction kinetics, benefiting from synergistic enhancements in charge transfer and efficient mass transport facilitated by its unique hierarchical architecture. Notably, the catalyst exhibits an exceptionally low onset potential of 1.228 V and requires only 1.326 V to achieve an impressive current density of 100 mA cm(-2), representing a state-of-the-art performance in UORs. These findings highlight the tremendous potential of this innovative material designing strategy to drive advancements in electrocatalytic processes.;10.3390/nano13152268
Activating Janus charge distribution on the P-doped Ni3S2/Co9S8 interface for enhancing charge-matched urea adsorption: boosting high current hydrogen production via coupled urine degradation;"Sun, Y; Zhang, X N; Guo, H R; Li, W J; Liu, H L; Wang, C";2025;"EVOLUTION; WATER";The urea oxidation reaction (UOR) is emerging as a thermodynamically favorable alternative to the oxygen evolution reaction, offering significant potential for energy-efficient H2 production and simultaneous treatment of urea-rich wastewater. However, the 6 e- transfer process of the UOR results in sluggish kinetics, necessitating the development of highly efficient electrocatalysts. Herein, a Janus charge distribution surface is constructed by incorporating phosphorus (P) into the Ni3S2/Co9S8 heterojunction to enhance the UOR performance and accelerate urea-assisted H2 production. The P incorporation facilitates electron transfer from Ni3S2 to Co9S8, creating a local electrophilic/nucleophilic interface that enhances the adsorption of urea molecules with the electron-withdrawing C 00000000 00000000 00000000 00000000 11111111 00000000 11111111 00000000 00000000 00000000 O group and electron-donating amino groups. As a result, the modified P-Ni3S2/Co9S8 exhibits ultralow potentials of 1.22, 1.30 and 1.39 V (versus the reversible hydrogen electrode) to reach 10, 100 and 1000 mA cm-2 for the UOR, respectively. Remarkably, when alkaline urine is used as the electrolyte, the P-Ni3S2/Co9S8 catalyst, functioning as a bifunctional electrocatalyst in an anion-exchange membrane electrolyzer, can stably deliver a high current density of 1000 mA cm-2 for H2 production over 180 h. This work highlights the importance of designing electrocatalysts by activating interfacial charge distribution to enhance reactant adsorption and trigger chemical bond cleavage.;10.1039/d5sc01106j
An insight into solar thermo-assisted and organic-molecule alternated water splitting chemistry for hydrogen production and wastewater treatment by elucidating redox model and thermodynamics;"Wang, B H; Jiang, H; Gu, D; Li, C Y; Nie, C H; Yan, C; Yuan, D D; Wang, X R";2020;"CHEMICALS; DEGRADATION; ENERGY; Hydrogen; Oxidation; POLLUTANTS; Redox reaction; Solar energy; Thermodynamics; Wastewater treatment";Three research hotspots in today's world have been endowed with renewable solar energy, wastewater treatment and hydrogen production. Focused on the intersection of the three hotspots, solar-driven thermal & donor modulated electrolytic water splitting to hydrogen production plus wastewater treatment was constructed for efficient hydrogen production and effective wastewater treatment. The system was facilitated by an action of a solar highly thermal coupling and donor-alternative to the redox chemistry. For a motivation of totally elucidating the solar thermo-assisted and organic donor-alternated water splitting system, the redox model and thermodynamic calculation were first conducted in this paper, based on the combination of the electrochemical and thermodynamic equations of the hydrogen production complex. The redox models fully demonstrate that the prevailing and dominant reactions occur in the alternative of the complex organic donors, fed in soluble small organic molecules in wastewater such as small organic alcohol, aldehyde, and acid. The results novelly showed that the oxygen evolution reaction on the anode was found to be replaced by the alternative of the easily electron-donated molecules to dominate the anodic reaction of the organics to carbon dioxide. The calculated thermo-dependent potentials reveal that the thermo-assisted action results in a negative temperature coefficient to the cell potential. The thermodynamic calculation theoretically proves that the electrolytic potential is sharply reduced by a switch of the anodic reaction and thermo-assisted effect. Therefore, both thermal assistance and organic donor alternation give fall to the cell potential (from 1.229 V to 0.4-0.6 V) and switch from the oxygen evolution reaction to the anodic oxidation of organic molecules. The operated cell potentials are predicted reasonably more than the applied voltage required for the endothermic water-splitting redox, nearly no H-2 evolution in such a range of the applied bias. The data can be applied for the organic donor choice and temperature modulation for the promotion of the hydrogen production. The data could offer theoretical support for solar-enabled hydrogen production and water treatment.;10.1016/j.enconman.2020.113551
Modeling, optimization, and control of microbial electrolysis cells in a fed-batch reactor for production of renewable biohydrogen gas;"Yahya, A M; Hussain, M A; Wahab, A K A";2015;"BIOGAS PRODUCTION; ELECTROCHEMICAL MODEL; HYDROGEN-PRODUCTION; MEMBRANE FUEL-CELL; METHANE; ORGANIC-MATTER; SYSTEM; WASTES; biohydrogen; control; microbial electrolysis cell; modeling; optimization";An integrated modeling, optimization, and control approach for the design of a microbial electrolysis cell (MEC) was studied in this paper. Initially, this study describes the improvement of the mathematical MEC model for hydrogen production from wastewater in a fed-batch reactor. The model, which was modified from an already existing model, is based on material balance with the integration of bioelectrochemical reactions describing the steady-state behavior of biomass growth, consumption of substrates, hydrogen production, and the effect of applied voltage on the performance of the MEC fed-batch reactor. Another goal of this work is to implement a suitable control strategy to optimize the production of biohydrogen gas by selecting the optimal current and applied voltage to the MEC. Various simulation tests involving multiple set-point changes, disturbance rejection, and noise effects were performed to evaluate the performance where the proposed proportional-integral-derivative control system was tuned with an adaptive gain technique and compared with the Ziegler-Nichols method. The simulation results show that optimal tuning can provide better control effect on the MEC system, where optimal H-2 gas production for the system was achieved. Copyright (c) 2014 John Wiley & Sons, Ltd.;10.1002/er.3273
Bandgap-Broken Fe Spinel Electrocatalyst Enables Integrated Seawater Electrolysis;"Li, J W; Ge, Z Q; Zhang, H J; Jiang, S P; Liu, Z Q";2026;"Bandgap-Broken; Bifunctional catalysts; CATALYSTS; CO; Fe spinel; NANOPARTICLES; Seawater splitting; Wastewater purification";"Despite considerable attention on spinel catalysts in electrocatalysis, achieving their distinct redox activity at the atomic scale for cathodic seawater splitting and anodic wastewater purification represents a huge challenge. In this work, we address this issue by constructing bandgap-broken Zn & horbar;O & horbar;Fe & horbar;O & horbar;Co heteroatomic bonds through the integration of reduced ZnFe2O4 and oxidized CoFe2O4 semiconductors within spinel-structured ZnxCo1-xFe2O4. The overlapping conduction and valence bands at Fe 3d orbitals promote electron redistribution at Fe centers, leading to electron depletion, exposure of empty d orbitals, and modulation of the d-band center. These electronic modifications enhance the adsorption kinetics of H2O in seawater and S2- species in wastewater through d-p orbital coupling, lowering the energy barriers for the Volmer step in hydrogen evolution reaction and the rate-limiting *S & horbar;*S-2 process in sulfur oxidation reaction. As a result, the rational design enables efficient bifunctional activity, achieving simultaneous seawater splitting and industrial pollutant degradation in a single electrolyzer at an ultralow cell voltage of 1.07 V (10 mA cm(-2)), operable under solar energy. This study provides a fundamental design strategy for bifunctional catalysts toward integrated energy and environmental applications.";10.1002/anie.202521993
Innovative molybdenum disulfide/reduced graphene oxide@MIL 53 (nickel) catalyst for simultaneous real-time wastewater treatment and energy production;"Selvaraj, S; Bhargav, P B; Chandraleka, C; Kumar, G G; Natesan, K; De Oliveira, T F";2025;"DYE; Electrochemical water splitting; METAL-ORGANIC FRAMEWORK; Model effluent treatment; Multifunctional catalyst; PHOTOCATALYTIC DEGRADATION; Photocatalytic activity; REMOVAL; Reactive oxygen species; SPECTROSCOPY";A unique molybdenum disulfide/reduced graphene oxide@materials institute of Lavoisier-53 (Nickel) (MoS2/rGO@MIL-53 (Ni)) nanocomposite, synthesized using a hydrothermal process, exhibits significant potential as a multifunctional material. The distinctive architecture, integrating flower-shaped MoS2, sheet-like GO, and layered MIL-53(Ni) results in a hierarchical framework with abundant active sites and enhanced charge transfer, facilitates effective dye degradation, hydrogen production, and oxygen generation. The nanocomposite shows exceptional degradation efficiency for various dyes, with similar to 98 % degradation of rhodamine-blue (RhB), similar to 86 % degradation of bodactive red (BAR), and similar to 74 % degradation of Ciprofloxacin hydrochloride hydrate (CIF) in 25 min. The nanocomposite exhibits notable electrocatalytic performance, characterized by a Tafel slope of 97 mV/decade and overpotential of -67 mV vs. RHE for hydrogen evolution reaction (HER), as well as a Tafel slope of 38 mV/decade and overpotential of 44 mV vs. RHE at 10 mA/cm(2) for oxygen evolution reaction (OER). Chronoamperometry studies confirmed the long-term stability of MoS2/rGO@MIL-53 (Ni) for both HER and OER at accelerated current densities of 10, 20, 40 and 60 mA cm(-2), indicating superior structural integrity and electrocatalytic activity. The results, along with its remarkable stability across numerous cycles, represent the potential of this adaptable material for tackling environmental and energy issues.;10.1016/j.jpowsour.2025.237828
Roles of coal gasification wastewater in coal electrolysis for hydrogen production;"Chen, C; Liu, J Z; Wu, H L; Wang, J B; Cheng, J";2021;"ANODE REACTION; CARBON; Carbon-assisted water electrolysis (CAWE); Coal electric-oxidation; ELECTROCATALYTIC OXIDATION; ETHANOL; EXTRACTION; Electrolysis; FTIR; GENERATION; Hydrogen; LIGNITE; SLURRY ELECTROLYSIS";Coal-assisted water electrolysis can reduce the electricity consumption of traditional water electrolysis by 40-60%, but the rate of hydrogen production in this process is very slow. Some coal gasification wastewater can promote the electrical oxidation of coal, the addition of which can achieve resource utilization of wastewater while producing hydrogen at low cost. In this study, the electrolysis characteristics and oxidation mechanism of gas washing water are studied using anode reaction kinetics, and its role in the process of coal electrolysis is studied. The results show that the main anodic reactions of gas washing water are, in order of increasing voltage, the oxidation of organic matter, bromide ions, and the water decomposition reaction, and that there is no obvious interaction between these three oxidation stages and Fe3+/Fe2+. On the one hand, gas washing water can pro-mote the catalysis of iron ions and increase the effective iron concentration in the solution. On the other hand, it plays an important role in changing the surface state of coal particles and improving the electrochemical activity of coal, thereby increasing the reaction rate of coal electrolysis.;10.1016/j.fuel.2021.121600
Organic catalysts for hydrogen production from noodle wastewater: Machine learning and deep learning-based analysis;"Tasneem, S; Ageeli, A A; Alamier, W M; Hasan, N; Safaei, M R";2024;"Deep learning; ENERGY; GASIFICATION; Hydrogen production; Machine learning; Noodle wastewater; Organic catalysts";Hydrogen production from the electrolysis of wastewater is an environmentally friendly and highly efficient process. The performance of this process for instant noodle wastewater is strongly influenced by covering the PVC sheet with different arrangements of antioxidant-containing protein (ACAP) as an organic catalyst. However, analyzing this process through traditional models and experimental studies takes time, money, and effort. In the present research, several machine learning-based models, including the recurrent neural network (RNN), the least absolute shrinkage and selection operator (LASSO), the extreme gradient boosting (XGBoost), the linear regression (LR), and the light gradient-boosting machine (LightGBM) were developed to accurately predict hydrogen production performance from the electrolysis of noodle wastewater. Several materials have been studied in this research, such as Car, Car-Tur, Tur-Car, Tur, Car-Ver-Tur, and Car-Tof-Ver in the 12-V and 24-V states. For each material created, the LASSO regression and the linear regression formula include 12 formulas (six formulas for each state) for hydrogen production. The R-Squared values range between 0.989 and 0.997 for the six formulas by the polynomial form and by the XGBoost and the lightGBM making the six models for the hydrogen production, and the R-Squared values for all models are 0.999 by linear form for the hydrogen production in the 24-V state. For the hydrogen productions in the 12-V state, the values of the R-Squared range between 0.995 and 0.998 by the polynomial form. Using the lightGBM and the XGBoost, six models are made in linear form, and all of those models' R-Squared values are 0.999. Using the RNN algorithm can predict the future of each material's hydrogen production. (c) 2023 Hydrogen Energy Publications LLC. Published by Elsevier Ltd. All rights reserved.;10.1016/j.ijhydene.2023.07.114
Agglomeration inhibition engineering of nickel-cobalt alloys by a sacrificial template for efficient urea electrolysis;"Feng, B Y; Jiang, W J; Deng, R; Lu, J L; Tsiakaras, P; Yin, S B";2024;"Anionic surfactant; CO; Catalyst; HYDROXIDE; MECHANISM; NANOPARTICLES; NI; Ostwald ripening; REMOVAL; SURFACTANTS; Sodium dodecyl sulfate; Urea oxidation reaction";Designing efficient non -precious metal -based catalysts for urea oxidation reaction (UOR) is essential for achieving energy -saving hydrogen production and the treatment of wastewater containing ammonia. In this study, sodium dodecyl sulfate (SDS) is employed as a sacrificial template to synthesize NiCo alloy nanowires (NiCo(SDS)/CC), and the instinct formation mechanism is investigated. It is found that SDS can inhibit the Ostwald ripening during hydrothermal and calcination processes, which could release abundant active cobalt, thereby modulating the electronic structure to promote the catalytic reaction. Moreover, SDS as a sacrificial template can induce the deposition of metal atoms and increase the specific surface area of the catalyst, providing abundant active sites to accelerate the reaction kinetics. As expected, the NiCo(SDS)/CC exhibits good activity for both UOR and hydrogen evolution reactions (HER) and it requires only 1.31 V and -86 mV to obtain a current density of +/- 10 mA cm -2, respectively. This work provides a new strategy for reducing the agglomeration of transition metals to design high-performance composite catalysts for urea oxidation.;10.1016/j.jcis.2024.03.009
Microfluidic reactor enabling wastewater treatment and hydrogen gas production;"Slesinski, A; Gladkova, A; Becker, M; Frackowiak, E";2026;"Disinfection; ELECTROCHEMICAL DEGRADATION; Electrochemical wastewater treatment; Hydrogen production; IBUPROFEN; KINETICS; Microfluidic reactor; OXIDATION; REMOVAL; Two-electron water oxidation";This work presents the novel concept of an electrochemical reactor enabling simultaneous wastewater treatment and hydrogen gas production. The originality evolves from using mesh electrodes for effective streams separation without the need for physical membranes. It is realized by using microfluidic reactor additionally aiming at minimizing the ohmic losses originating from the low conductivity wastewater medium. Synthetic wastewater containing ibuprofen served as a model pollutant. The degradation of ibuprofen was done using mesh (+)Pt@Ti/ SSt(-) electrodes in chronopotentiometry mode using three current density values (1, 10 and 100 mA/cm2). This broad current spectrum enabled to account for the low conductivity medium (1.5 mS/cm) and for reasonable hydrogen production yields at 100 mA/cm2. Additionally, the effect of wastewater electrolyte velocity was investigated (10 and 20 mm/s). The results indicate that the final degradation after 24 h is significant when using various combinations of flow velocity and current and lies in the region of 70-90% of its initial concentration. In fact, the optimal ratio between degradation rate and time which accounts for the lowest ohmic losses is found and commented. In case of hydrogen production, the rational amounts are noted only at higher regimes. Finally, the device for simultaneous wastewater treatment and hydrogen production using low conductivity wastewater feed, although attractive, needs careful selection of parameters to reach justifiable efficiency. Beneficially, the microfluidic construction using mesh electrodes, enables for efficient separation of gaseous products, without the necessity for using physical separation materials.;10.1016/j.jwpe.2026.110213
Photoelectrocatalytic degradation of organic pollutants in wastewater using titania nanotube arrays: a proof-of-concept study;"Li, Y L; Zhu, C S; Jiang, J; Li, L L; Guo, Y F; Hu, J L";2018;"ADSORPTION; DOT SENSITIZED TITANIA; DYE; ELECTRICITY; HYDROGEN GENERATION; Hydrogen generation; Organic degradation; PHOTOCATALYTIC FUEL-CELL; PHOTOELECTROCHEMICAL CELL; Photocurrent density; Photoelectrocatalytic; RHODAMINE-B; THIN-FILM ELECTRODE; TIO2; TiO2 nanotube arrays";This study explored the application of highly ordered TiO2 nanotube arrays in photoelectrocatalytic degradation of organic pollutants. In this proof-of-concept study, model compounds such as ethylene glycol and oxalic acid were used as organics representing pollutants in wastewater. The primary objective of the research was to demonstrate the unique photoelectrocatalytic activity of TiO2 nanotube arrays in degrading organic compounds with an added benefit of hydrogen production that takes place in a same unit of operation. The TiO2 nanotube arrays with controllable properties were synthesized by anodization approach. The TiO2 nanotube arrays possess excellent separation and transport properties for photo-generated electron/hole pair and hence exhibit enhanced photocurrent response and photocatalytic properties for organic compound degradation and hydrogen production. Factors affecting degradation performance were investigated. Results have shown that the pH of electrolyte solution, the chemical property of electrolyte, initial concentration of model pollutants, the redox property of the pollutants, and bias potential were all interrelated that affect the photoelectrocatalytic performance of TiO2 nanotube arrays. For example, when 0.1 M KOH was used as electrolyte in the presence of 0.5 M ethylene glycol solution, the highest current density of 0.04 mA/cm(2) was achieved at bias potential of 0.45 V.;10.5004/dwt.2018.22073
Selenium-Driven Interfacial Engineering of NiMo-Based Electrocatalyst for Efficient Coupled Water Splitting and Urea Oxidation;"Kalusulingam, R; Shim, J H";2025;"BIFUNCTIONAL ELECTROCATALYST; NANOWIRES; NICKEL FOAM; pH-dependent kinetics, overall water splitting,alkaline urea electrolysis; selenium-functionalized NiMoSe/NF electrocatalyst; temperature-dependentkinetics";This study reports the synthesis of a highly efficient and durable bifunctional electrocatalyst, selenium-functionalized NiMo-OH nanosheets (NiMoSe/NF), directly grown on nickel foam (NF) through a two-step hydrothermal process. The resulting rough and interconnected nanosheet morphology significantly enhances electrocatalytic activity toward both oxygen evolution reaction (OER) and hydrogen evolution reaction (HER) in 1.0 M KOH. The NiMoSe/NF electrode delivers low overpotentials of 240 mV for OER and 269 mV for HER at 100 mA cm-2, with measurement conducted in a three-electrode system to distinguish individual half reactions. When assembled into a two-electrode electrolyzer configuration with NiMoSe/NF serving as both the anode and cathode, overall water splitting and urea electrolysis are achieved at cell voltages of 1.58 and 1.46 V, respectively, at 20 mA cm-2. Separate performance analyses were conducted for OER, HER, and UOR to elucidate individual mechanistic contributions. Furthermore, the electrocatalyst demonstrates excellent long-term stability, maintaining consistent performance over 48 h of continuous operation. Postelectrolysis structural characterization confirms phase retention and surface integrity, addressing common concerns about the stability of selenides in oxidative environments. Mechanistic investigations using electrochemical impedance spectroscopy, temperature-dependent kinetics, and pH-dependent activity reveal that selenium incorporation modulates interfacial charge transfer, enhances proton-coupled electron transfer, and reduces activation energy barriers, contributing to improved catalytic performance under both reductive and oxidative conditions. These findings underscore the importance of electronic and structural tuning in boosting catalytic activity and offer a cost-effective, mechanism-driven strategy for designing robust electrocatalysts for sustainable hydrogen production and urea-rich wastewater treatment.;10.1021/acsaem.5c02416
Photoelectrochemical Hydrogen Production from Surfactant-Rich Wastewaters: Proof-of-Concept and Mechanisms Investigation;"Chesini, A; Grandi, S; Caramori, S; Mazzanti, M; Martini, L M; Khan, K; Orlandi, M; Miotello, A";2025;"ANIONIC SURFACTANT; FILM; IMPEDANCE; IRON; MODEL; OXIDATION; REMOVAL; WASTE-WATER";Solar hydrogen production currently employs pure water to prevent side reactions and damage to materials. Nevertheless, pure water is an increasingly valuable resource, and alternative substrates are required. In this work, we investigated a strategy for photoelectrochemical (PEC) solar hydrogen production from surfactant-rich wastewater. Sodium dodecyl sulfate (SDS) was used as a test-surfactant because of (1) its large use in industrial and domestic applications and consequently relevant concentration in wastewaters and (2) its potential suitability as a hole scavenger to enhance H2 production. The working electrode of the PEC cell was a Ti-doped hematite photoanode, fully characterized to obtain information about crystallinity, morphology, and optical properties. Ongoing mineralization of SDS at the photoanode was characterized by the Gas Chromatographic (GC) detection of CO2, with a radical-mediated oxidation mechanism revealed by fluorescence-based methods and Electrochemical Impedance Spectroscopy (EIS). H2 production with simultaneous SDS oxidation and oxygen evolution, at 2.15 V RHE applied voltage, was quantified by GC. With a 1 cm2 electrode, the production rate was 4.6 +/- 0.3 mu mol/h with a power saving efficiency (eta, with respect to dark conditions) of 0.3%. A scale-up to 16.8 cm2 area resulted in 22 +/- 2 mu mol/h with a eta of 0.13%. These results provide a proof-of-concept for the valorization of surfactant-rich wastewaters as solar H2 substrates.;10.1021/acs.jpcc.5c01995
Rational Design of Metallic NiTex (x=1 or 2) as Bifunctional Electrocatalysts for Efficient Urea Conversion;"Wang, Z J; Guo, P; Liu, M; Guo, C; Liu, H J; Wei, S X; Zhang, J; Lu, X Q";2019;"ARRAYS; GRAPHENE OXIDE; HYDROGEN EVOLUTION; NANOSTRUCTURES; NANOTUBES; NI FOAM; NiTe; NiTe2; OXIDATION; REDUCTION; SUPERIOR; WATER; electrocatalyst; graphene oxide; hydrogen evolution; urea oxidation";Electrocatalytic urea conversion (CO(NH2)(2) + H2O -> N-2 + 3H(2) CO2) is a facile and scalable technique for urea-rich wastewater treatment, meanwhile with hydrogen evolution reaction (HER). However, it remains great challenge to develop a bifunctional catalyst for both HER and urea oxidation reaction (UOR) simultaneously due to the torpid kinetics of 6 e(-) transfer during UOR. Here, graphene oxide (GO) induced phase-controlled synthesis of nickel tellurides derived from Ni foam (NF) as freestanding electrocatalysts is reported. Results show that NF-assisted NiTe composited with reduced graphene oxide (rGO) exhibits superior activity for both HER and UOR. With the combined merits of HER and UOR, an efficient electrolyzer with integrated NiTe/rGO/NF was constructed as anode and cathode, representing overall urea decomposition at a low overpotential and even being driven by a commercial cell of 1.5 V. The metallic character and phase dependence of NiTe2 and NiTe toward UOR were simulated by density functional theory (DFT). The collective effects of rGO incorporation in morphology and phase for exposing more active sites and effective electron transport were discussed. It is extended to the direction of human urine conversion as well. Our study provides new insights into robust bifunctional electrocatalysts for urea splitting, which indicates promise for sustainable hydrogen evaluation and wastewater remediation.;10.1021/acsaem.9b00208
A bifunctional electrolyser for energy-efficient hydrogen generation and synchronous HCHO degradation: Influences of H and HCHO adsorption;"Zhang, H M; Yuan, C; Teng, Y R; Cheng, G Y; Han, C Y; Xu, T G; Teng, F";2025;"ANODES; COMPOSITE; CoO/CuO heterojunction; Degradation; ELECTROCATALYSIS; Energy-efficient; FORMALDEHYDE; Formaldehyde wastewater; OXYGEN; PERFORMANCE; POLYHEDRA; WATER OXIDATION; hydrogen generation";Water electrolysis to hydrogen production is highly energy-intensive mainly due to sluggish four-electron oxygen evolution reaction (OER) kinetics. Herein, the CoO/CuO heterojunction, with the higher electrochemically active surface area, molecule adsorption ability and faster electron transfer ability, exhibits the significantly higher hydrogen evolve reaction (HER) and OER activities than that of individual CoO and CuO. Density functional theory (DFT) calculation further confirms that the formation of CoO/CuO heterojunction well optimize the interface electron structure, which is conducive to the adsorptions of H* and CH2O on O sites. Moreover, formaldehyde oxidation reaction (FOR) is employed to substitute for sluggish OER to improve HER. Surprisingly, the cell voltage of FOR electrolyzer (0.614 V) has decreased by 61.2 % at 25 mA cm-2 than OER electrolyzer (1.582 V). To produce the same amount of hydrogen, 61.2% of electric energy can be economized. As a result, the cost of hydrogen production decreases greatly, and the HER efficiency is greatly improved that FOR has faster kinetics than OER. The innovative design is promissing to break through the high energy-extensive issue for water electrolysis to hydrogen generation. Synchronously, 85 % of formaldehyde has been degraded after running for 2 h at 1.5 V. This work provided a win-win strategy for waste water utilization and treatment.;10.1016/j.ijhydene.2024.12.165
Direct oxidation of wastewater degradation and hydrogen production simultaneously by a reverse electrodialysis system powered by salinity gradient energy;"Leng, Q; Li, F L; Ma, Y H; Wang, L; Li, S N; Zhang, C X; Wang, Z W; Wu, X";2025;"CELLS; Direct oxidative degradation; EFFICIENCY; ELECTROCHEMICAL OXIDATION; ELECTRODES; GENERATION; Hydrogen production; Operational mode; PERFORMANCE; PILOT-PLANT; Reverse electrodialysis; Theoretical model";"Reverse electrodialysis (RED) utilizes salinity gradient energy for applications such as hydrogen production and wastewater treatment, offering significant research potential due to its environmentally friendly and pollutionfree characteristics. This paper presents a comprehensive mathematical model for a RED system designed to simultaneously produce hydrogen and degrade organic pollutants, leveraging the RED reactor for both processes. The discrepancies between theoretical predictions and practical observations are analyzed, with a focus on assessing the system's efficiency in both hydrogen production and pollutant degradation. Additionally, optimization strategies for the system's operational modes are proposed. The results indicate that the system's actual output power is constrained by factors such as the performance of the anion and cation exchange membranes and concentration polarization phenomena, leading to lower output than ideal conditions. Notably, increasing the output current significantly enhances both hydrogen production and degradation efficiency. Furthermore, employing a narrower concentration gradient between concentrated and dilute solutions achieves a remarkable hydrogen production efficiency of 9.02 %, while concurrently reducing the energy consumption for degradation to 0.48 kWh & sdot;kg COD- 1. Moreover, by utilizing a serial configuration of RED systems powered by the working solution, the system demonstrates superior energy utilization efficiency, achieving an impressive 6.78 % efficiency.";10.1016/j.jece.2025.116461
Statistical optimization of operating parameters of microbial electrolysis cell treating dairy industry wastewater using quadratic model to enhance energy generation;"Rani, G; Banu, J R; Kumar, G; Yogalakshmi, K N";2022;"BIOGAS PRODUCTION; COD removal efficiency; Dairy industry wastewater; Energy recovery; FUEL-CELL; HRT; HYDROGEN GAS-PRODUCTION; Hydrogen production; IDENTIFICATION; PERFORMANCE; RECOVERY; REMOVAL; Response surface methodology; SINGLE-CHAMBER; VFA; VOLATILE FATTY-ACIDS";The performance of Microbial electrolysis cell (MEC) is affected by several operating con-ditions. Therefore, in the present study, an optimization study was done to determine the working efficiency of MEC in terms of COD (chemical oxygen demand) removal, hydrogen and current generation. Optimization was carried out using a quadratic mathematical model of response surface methodology (RSM). Thirteen sets of experimental runs were performed to optimize the applied voltage and hydraulic retention time (HRT) of single chambered batch fed MEC operated with dairy industry wastewater. The operating con-ditions (i.e) an applied voltage of 0.8 V and HRT of 2 days that showed a maximum COD removal response was chosen for further studies. The MEC operated at optimized condi-tion (HRT-2 days and applied voltage-0.8 V) showed a COD removal efficiency of 95 +/- 2%, hydrogen generation of 32 +/- 5 mL/L/d, Power density of 152 mW/cm2 and current gener-ation of 19 mA. The results of the study implied that RSM, with its high degree of accuracy can be a reliable tool for optimizing the process of wastewater treatment. Also, dairy in-dustry wastewater can be considered to be a potential source to generate hydrogen and energy through MEC at short HRT. (c) 2022 Hydrogen Energy Publications LLC. Published by Elsevier Ltd. All rights reserved.;10.1016/j.ijhydene.2022.03.120
Amorphous Ni(III)-based sulfides as bifunctional water and urea oxidation anode electrocatalysts for hydrogen generation from urea-containing water;"Jia, X; Kang, H J; Yang, X X; Li, Y L; Cui, K; Wu, X H; Qin, W; Wu, G";2022;"ARRAYS; CATALYSTS; CO; ENERGY-EFFICIENT; FE; N-DOPED CARBON; NANOCOMPOSITES; NICKEL-HYDROXIDE NANOSHEETS; OXYGEN; Oxygen evolution reaction; STAINLESS-STEEL; Urea oxidation reaction; Water electrolysis; in situ electrochemical tuning";It is highly desired to design high-performance bifunctional electrocatalysts for an efficient oxygen evolution reaction (OER) and urea oxidation reaction (UOR) as anode water electrolysis reactions, which can be used for hydrogen production by using urea-containing water. Herein, a novel electrocatalyst composed of amorphous Ni (OH)S nanosheets was prepared by hydrolysis of NiCl2(CH3CSNH2)4 at room temperature. From spectroscopic characterization and density functional theory (DFT) calculations, the Ni(OH)S catalyst contains a Ni3+-rich phase, which can significantly accelerate the reaction kinetics. The anode electrocatalyst shows excellent OER activity, generating 10 mA cm-2 with only 250 mV overpotentials. When employed as a UOR anode, it could reach 10 mA cm-2 at 1.34 V, 140 mV lower than OER. Notably, the Ni(OH)S/NF anode exhibits decent bifunctional UOR and OER activities and presents the lowest overpotentials compared to a NiFe-PBA/NF UOR catalyst and a typical RuO2/NF OER catalyst. This work provides a novel strategy for synthesizing amorphous Ni (III)-based sulfides nanosheets for bifunctional OER/UOR electrocatalysts, which is significant for efficient and stable hydrogen production by using urea-containing wastewater.;10.1016/j.apcatb.2022.121389
Electrospinning fabrication of sulfophobic Mo-NiS2/CNFs for energy-saving sulfur valorization coupled hydrogen production in anion exchange membrane electrolyzer;"Zheng, X Y; Li, X; Pang, H J; Wei, T T; Ma, X; Yang, C M; Zhen, Y Z; Liang, Y C";2025;"CARBON NANOFIBERS; CATALYSTS; ELECTROCATALYSTS; EVOLUTION; PH; RECONSTRUCTION; WATER; anion exchange membrane electrolyzer; dual functional energy-saving model; hydrogen production; sulfion oxidation reaction";The sulfion oxidation reaction (SOR) has enormous potential in replacing slow kinetic oxygen evolution reactions and treating sulfur-containing wastewater. However, the sulfur aggregation generated by SOR will lead to a decline in SOR activity. Herein, an electrospinning-carbonization-vulcanization technique is introduced to fabricate Mo-NiS2-co-embedded carbon nanofibers (Mo-NiS2/CNFs). The integration of molybdenum promotes sulfophobicity of Mo-NiS2/CNFs, and can thus effectively prevent its activity from being deactivated by sulfur deposition on the electrode surface during SOR, thereby improving catalytic activity and long-term stability. In particular, Mo-NiS2/CNFs showed a distinguished durability at 100 mA cm-2 at least 100 h. In-situ Raman spectra tracked the evolution and oxidation conversion of S2- to short-chain polysulfides (S22--S42-), ultimately to value-added S8. Density functional theory calculations unveiled that the introduction of Mo efficiently regulated the d-band center of NiS2, reduced the energy barrier in the rate-determining step from S22- to S32- and the Gibbs free energy of H* adsorption, and thereby significantly promoted SOR and hydrogen evolution reaction (HER). Mo-NiS2/CNFs-based anion exchange membrane water electrolyzer for HER and SOR achieved a current density of 500 mA cm-2 at 1.78 V for continuous H2 and S8 productions. Such a coupling system performed an ultra-low power consumption of 2.127 kW h m-3 H2 at 500 mA cm-2, showing an energy-saving hydrogen production and high desulfurization ability for environmental protection and remediation.;10.1007/s11426-024-2527-5
An integrated solar energy, wastewater treatment and desalination plant for hydrogen and freshwater production;"Demir, M E; Dincer, I";2022;"Cost analysis; Desalination; ELECTRO-FENTON; ELECTRODIALYSIS; Hydrogen production; MEMBRANES; PEROXIDE; Photovoltaics; Solar energy; Waste water treatment";In this paper, a cost analysis study is undertaken for a commercial-scale hydrogen production and wastewater treatment plant, aiming to produce 1000 kg of hydrogen and treat 222 m(3) of wastewater per day. The present cost-analysis model considers the technological and economic implications of central and forecourt hydrogen generation technologies. The model employs a photoelectrochemical solar concentrator system with heliostats/concentrators to concentrate solar irradiation at a 10:1 intensity ratio onto multi junction photovoltaic/photoelectrochemical cell receivers submerged in an electrolyte reservoir and pressured to 20.7 bar. The photovoltaic cells are connected electrically to an electrolyte reserve and treat wastewater on the anode side using Fenton-like processes while generating H-2 on the cathode side. Then, the chemical oxygen demand-free wastewater is delivered to the electrodialysis plant for desalination, acid and alkaline production purposes. The concentrated light driven photoelectrochemical H-2 generation facility with a design capacity of 1,053 kg/day is used in the scale-up analyses. The cost of hydrogen is calculated to be $5.25/kg, excluding the profits obtained from the acid, alkaline and freshwater production. The yearly benefit from wastewater treatment is estimated as $81,030, respectively.;10.1016/j.enconman.2022.115885
A Generalized Model for Complex Wastewater Treatment with Simultaneous Bioenergy Production Using the Microbial Electrochemical Cell;"Alavijeh, M K; Mardanpour, M M; Yaghmaei, S";2015;"ANODE; BACTERIA; BIOFILMS; Conduction-based mechanism; ELECTRICITY; ELECTROLYSIS CELL; FUEL-CELL; GENERATION; HYDROGEN; MATHEMATICAL-MODEL; METHANOGENESIS; Microbial electrolysis cell; Microbial fuel cell; Modeling; Wastewater treatment";"The objective of this study was to construct a novel model to be applied in a general manner to simulate microbial electrochemical cells (MXCs); for both microbial fuel cell (MFC) and microbial electrolysis cell (MEC). The liquid bulk was modeled based on the organic matters degradation to acetate via the anaerobic digestion process. Biofilm simulation was established based upon one-dimensional distribution and the dynamical electron transfer was completed by means of the conduction-based mechanism. We, for the first time, introduced biofilm local potential modeling for MEC simulation with general and simplified linear boundary conditions. The MFC-related part of the model was evaluated based on the experimental results from a gluconic acid-fed MFC with various simulated variables of liquid bulk and biofilm such as, bulk concentrations, distributions of microbial volume fractions and local potential in the biofilm, and biofilm thickness. The MEC-related part of the model with simplified linear boundary condition was assessed by the MEC experimental data fed with potato wastewater as the complex substrate. The MEC performance as an energy carrier generator was characterized based on the hydrogen production rate evolution, the variations of microbial distributions, and methane production at different applied potential differences. In addition, polarization characteristics were simulated and discussed based on the experimental results. These valuations showed that the presented model is successfully able to predict both MFC and MEC performance. (C) 2015 Elsevier Ltd. All rights reserved.";10.1016/j.electacta.2015.03.133
Construction of Nitrogen-Doped Biphasic Transition-Metal Sulfide Nanosheet Electrode for Energy-Efficient Hydrogen Production via Urea Electrolysis;"Xie, H; Feng, Y F; He, X Y; Zhu, Y; Li, Z Y; Liu, H H; Zeng, S Y; Qian, Q Z; Zhang, G Q";2023;"ARRAYS; ELECTROCATALYSTS; N-doped cobalt-nickel sulfide; OXIDATION; hydrogen evolution; urea electrolysis; urea oxidation";Urea-assisted hybrid water splitting is a promising technology for hydrogen (H-2) production, but the lack of cost-effective electrocatalysts hinders its extensive application. Herein, it is reported that Nitrogen-doped Co9S8/Ni3S2 hybrid nanosheet arrays on nickel foam (N-Co9S8/Ni3S2/NF) can act as an active and robust bifunctional catalyst for both urea oxidation reaction (UOR) and hydrogen evolution reaction (HER), which could drive an ultrahigh current density of 400 mA cm(-2) at a low working potential of 1.47 V versus RHE for UOR, and gives a low overpotential of 111 mV to reach 10 mA cm(-2) toward HER. Further, a hybrid water electrolysis cell utilizing the synthesized N-Co9S8/Ni3S2/NF electrode as both the cathode and anode displays a low cell voltage of 1.40 V to reach 10 mA cm(-2), which can be powered by an AA battery with a nominal voltage of 1.5 V. The density functional theory (DFT) calculations decipher that N-doped heterointerfaces can synergistically optimize Gibbs free energy of hydrogen and urea, thus accelerating the catalytic kinetics of HER and UOR. This work significantly advances the development of the promising cobalt-nickel-based sulfide as a bifunctional electrocatalyst for energy-saving electrolytic H-2 production and urea-rich innocent wastewater treatment.;10.1002/smll.202207425
Simultaneous hydrogen generation and wastewater purification: An innovative closed-loop reverse electrodialysis system incorporating air-gap diffusion distillation;"Leng, Q; Li, F L; Luo, Z F; Wang, L; Zheng, K X; Wang, Z W; Wu, X";2024;"ACID ORANGE 7; Air-gap diffusion distillation; BORON-DOPED DIAMOND; ELECTROCHEMICAL OXIDATION; ELECTROLYSIS; ENERGY GENERATION; EXERGY ANALYSIS; Hydrogen generation; MULTIEFFECT DISTILLATION; PERFORMANCE; POWER-GENERATION; Reverse electrodialysis; SALINITY GRADIENTS; Theoretical model; Wastewater purification";"Air-gap diffusion distillation (AGDD) is a thermal distillation technology that can convert low-grade heat sources into salinity gradient energy, offering broad application potential. Since the AGDD system operates under atmospheric pressure, it can be seamlessly integrated with reverse electrodialysis (RED) technology, facilitating the conversion of low-grade thermal energy into electricity, hydrogen, and chemical energy. This paper constructs, for the first time, an AGDD-RED mathematical model that simultaneously achieves hydrogen generation and wastewater purification. Accordingly, the influence behaviors of the concentration of AGDD feed solution (0.5 mol & sdot;L-1-5 mol & sdot;L-1) and low-grade heat source temperature (55-95 degrees C) on hydrogen generation performance and degradation efficiency are simulated and discussed. At a feed concentration of 3 M, hydrogen generation and COD degradation rates achieve their peak values of 0.19 kW and 46.4 %, respectively. At 55 degrees C, the degradation rate and hydrogen generation reach their highest values, at 47.1 % and 0.2 kW, with the total energy conversion efficiency reaching 1.65 %. Finally, the energy distribution of the entire system is analyzed, and the results show that the salinity gradient energy regeneration process in the AGDD subsystem is the key factor affecting the efficiency of the system. Reducing pump power consumption and non-ohmic resistance in the RED subsystem will effectively improve the energy conversion performance of the system.";10.1016/j.enconman.2024.119209
Nitrogen doped carbon fiber supported nickel phosphide for efficient electrocatalytic overall urea splitting;"Ren, L P; Yang, D; Li, J Q; Li, H S; Yang, J H";2023;"BIFUNCTIONAL ELECTROCATALYST; Carbon fiber; FOAM; HYDROXIDE; Hydrogen evolution reaction; LDH; N doping; Nickel phosphide; OXIDATION; Urea oxidation reaction; WATER";Urea oxidation reaction (UOR) is expected to be one of the effective means to replace oxygen evolution reaction (OER) in specific urea-containing wastewater treatment field. The synchronization of urea electrooxidation and hydrogen production has become an increasingly attractive energy development way. However, UOR faces the challenges of relatively sluggish kinetics and catalyst activity degradation. Here, nitrogen-doped carbon fiber supported nickel phosphide (Ni5P4/NCF-400) is developed as a bifunctional self-supporting electrocatalyst, which is synthesized by electrodeposition and high temperature nitriding. The HER overpotential of Ni5P4/NCF-400 in alkaline medium is 77 mV at 10 mA cm-2, the Tafel value is 98.04 mV dec-1, and the activity does not decrease significantly after continuous hydrogen evolution for 24 h. The UOR potential is 1.376 V at 100 mA cm-2, the Tafel value is 16.45 mV dec-1, and can steadily work at 1.38 V for 48 h. Moreover, Ni5P4/NCF-400 is assembled into a water-urea electrolytic cell device, which could achieve a current density of 40 mA cm-2 at a voltage of 1.67 V and achieve the stability of the catalytic system for 24 h. The excellent electrocatalytic per-formance of Ni5P4/NCF-400 is attributed to N doping and abundant active sites.;10.1016/j.apsusc.2023.157173
Layered La-Ni Ruddlesden-Popper nickelates enabling fast kinetics and energy-efficient wastewater-to-hydrogen conversion;"Khan, H; Kar, A; Ganguli, A K";2026;"CATALYSTS; Electrochemical urea oxidation; HER; OXIDE; PEROVSKITES; Ruddlesden-Popper phase nickelates; UOR; UREA OXIDATION";Ruddlesden-Popper (RP) nickelates have emerged as robust functional oxides for electrocatalytic energy applications due to their layered structures and tunable electronic properties. In this work, La3Ni2O7 (n = 2) and La4Ni3O10 (n = 3) were synthesized via a polymeric citrate precursor route calcined at 1000 degrees C. Powder X-Ray diffraction (P-XRD) and Rietveld Refinement studies confirmed phase formation and orthorhombic structure having space group of Amam for La3Ni2O7 and Fmmm for La4Ni3O10, with lattice parameters in good agreement with literature. EDS studies corroborated with P-XRD analysis. X-Ray Photoelectron Spectroscopy (XPS) confirmed the oxidation states of Ni and La. Electrochemical urea-assisted hydrogen production showed that La4Ni3O10 outperforms both La3Ni2O7 and benchmark IrO2 as a bifunctional electrocatalyst for the urea oxidation reaction (UOR) and hydrogen evolution reaction (HER). It delivers a current density of 10 mA cm-2 at 1.31 V vs. RHE in 1 M KOH + 0.33 M urea, along with favorable Tafel slopes and low charge-transfer resistance as confirmed by electrochemical impedance spectroscopy (EIS). Post-electrocatalytic studies confirmed retention of the RP structure in P-XRD pattern, while scanning electron microscopy (SEM) revealed morphological transformation due to surface reconstruction. These findings underscore the structural robustness and bifunctional electrocatalytic potential of La4Ni3O10 for energy-efficient urea-assisted hydrogen production.;10.1016/j.ijhydene.2026.154434
Sustainable and energy-saving hydrogen production via binder-free and in situ electrodeposited Ni-Mn-S nanowires on Ni-Cu 3-D substrates;"Darband, G B; Iravani, D; Zhang, M L; Maleki, M; Huang, S R; Khoshfetrat, S M; Andaveh, R; Li, J Y";2025;"BIFUNCTIONAL ELECTROCATALYST; CATALYST; EVOLUTION REACTION; GRAPHENE; HIGHLY EFFICIENT; NANOARRAY; NANOSHEETS; OXIDATION; TEMPLATE; UREA";"Electrochemical water splitting, with its oxygen evolution reaction (OER) and hydrogen evolution reaction (HER), is undoubtedly the most eco-friendly and sustainable method to produce hydrogen. However, water splitting still requires improvement due to the high energy consumption caused by the slow kinetics and large thermodynamic potential requirements of OER. Urea-water electrolysis has become increasingly appealing compared to water-splitting because of the remarkable decline in the cell potential in the hydrogen production process and less energy consumption; it also offers a favorable opportunity to efficiently treat wastewater containing a significant amount of urea. In this work, Ni-Mn-S/Ni-Cu nano-micro array electrocatalysts were synthesized by a two-step and binder-free electrochemical deposition technique and investigated as an effective electrode for the HER and urea oxidation reaction (UOR). According to the electrochemical results, the optimized electrode (Ni-Mn-S/Ni-Cu/10) showed excellent electrocatalytic activity for the HER (64 mV overpotential to achieve the current density of 10 mA cm-2 and Tafel slope of 81 mV dec-1) in alkaline solution. When Ni-Mn-S/Ni-Cu/10 is employed as a UOR anode in an alkaline solution containing urea, it achieves a current density of 10 mA cm-2 at 1.247 V vs. RHE. In addition, when the optimized sample was utilized as a bi-functional electrode for overall urea-water electrolysis (HER-UOR), the cell voltage reached 1.302 V at 10 mA cm-2 (which is 141 mV less than that for HER-OER). The electrocatalytic stability results unequivocally revealed small changes in voltage during a 24 h test and showed good durability. This non-noble metal electrocatalyst, prepared by the electrodeposition synthesis method, is a promising solution to implement low-cost hydrogen production and wastewater treatment.";10.1039/d4nr03486d
Lattice-expanded NiSe catalyst via lanthanum incorporation for accelerating urea electrooxidation in assisting water electrolysis;"Zhang, Q; Ma, H J; Han, R B; Yang, T L; Chen, Z H; Zhu, M Y; Shi, J W; Cai, W W; Yang, F Q; Yang, Z H";2026;"Bifunctional electrocatalyst; Lanthanum doping; Nickelous selenide; PERFORMANCE; Urea electrooxidation; Water electrolysis";"Developing bifunctional electrocatalysts for energy-efficient urea oxidation reaction (UOR) and hydrogen evolution reaction (HER) is critical for sustainable hydrogen production and wastewater remediation, yet hindered by sluggish kinetics and insufficient active sites. Herein, we propose demonstrate that lanthanum (La) doping effectively activates nickel selenide (NiSe) by inducing lattice expansion-substituting smaller Ni2+ (0.69 & Aring;) with larger La3+ ion (1.16 & Aring;)-thereby modulating its electronic structure. The optimized La-NiSe-2 catalyst exhibits markedly enhanced UOR and HER performance: it achieves a UOR current density of 213 mA cm-2 at 1.6 V vs. RHE (twice that of pristine NiSe) and requires only 135 mV overpotential for HER at -10 mA cm-2, with a Tafel slope of 78 mV dec-1. Operando electrochemical impedance spectroscopy and density functional theory calculations reveal that La incorporation enhances charge transfer and strengthens urea adsorption. This work highlights rare-earth-mediated electronic modulation as a viable strategy for designing high-performance bifunctional catalysts for urea-assisted energy and environmental applications. (c) 2026, Dalian Institute of Chemical Physics, Chinese Academy of Sciences. Published by Elsevier B.V. All rights reserved.";10.1016/S1872-2067(26)65054-1
Nickel borate with a 3D hierarchical structure as a robust and efficient electrocatalyst for urea oxidation;"Ge, J H; Lai, Y C; Guan, M H; Xiao, Y H; Kuang, J; Yang, C Z";2021;"ARCHITECTURE; CARBON NANOTUBES; CATALYSTS; ELECTRODES; ELECTROOXIDATION; HYDROGEN-PRODUCTION; HYDROXIDE; MECHANISM; NANOARRAYS; NANOSHEET ARRAYS";Water electrolysis has become a promising green and sustainable strategy for hydrogen fuel production. However, due to the slow kinetics of the oxygen evolution reaction (OER), large overpotentials are required to drive the overall reaction. In this work, we demonstrate an environmentally friendly and energy-saving strategy by the synergy of the urea oxidation reaction (UOR) with the hydrogen evolution reaction (HER) to replace the ordinary water hydrolysis. In order to further boost the UOR kinetics, nickel borate (Ni-B-i) is synthesized by a facile co-precipitation method, forming a nanosheet morphology and 3D hierarchical porous structure. The resulting Ni-B-i catalyst exhibits exceptionally high catalytic performance for the UOR, achieving a current density of 50 mA cm(-2) at 1.42 V vs. RHE, which is about 250 mV lower than that of the OER process. The two-electrode urea electrolytic cell composed of the Ni-B-i anode and a Pt cathode requires a small cell voltage of 1.66 V in order to reach a current density of 50 mA cm(-2) and is very stable. Overall, this work demonstrates a promising electrocatalyst system for efficient hydrogen production and simultaneous urea-containing wastewater treatment, providing valuable information for the development of advanced non-noble metal catalysts for the UOR.;10.1039/d0en01247e
Deciphering the photoelectrochemical behaviour of MoSe2-decorated BiVO4 as a dual system for concurrent degradation of methylene blue and hydrogen generation;"Singh, P; Devi, P";2024;"ELECTRODE; Hydrogen; LIGHT PHOTOCATALYTIC ACTIVITY; Methylene blue; MoSe 2; NANOSHEETS; Photo electrochemical; TRANSITION-METAL DICHALCOGENIDES; Wastewater; Water splitting";Green hydrogen production through photoelectrochemical (PEC) water splitting offers a sustainable energy solution, but the utilization of low -quality water is essential to conserve freshwater resources. Repurposing industrial wastewater, a substantial global issue, for PEC water splitting remains underexplored due to challenges in photoelectrode efficiency and stability. In this study, we present a MoSe2-decorated BiVO4 heterostructured photoelectrode (MoSe2/BiVO4 or BM) for green hydrogen production and efficient wastewater treatment. The optimized system yields a hydrogen production rate of 0.113 mmol from synthetic textile water (utilizing methylene blue as a model pollutant) while achieving a 94.74% degradation of pollutants. Synthesized via a hydrothermal route, BM demonstrates a high photocurrent density of 2.57 mA/cm2 at 1.23 V vs RHE, surpassing BV alone (0.14 mA/cm2). Further, BM shows incident photon to current efficiency (IPCE) of 12.24% and applied bias to photocurrent efficiency (ABPE) of 0.59%. Scavenger studies elucidate the role of holes in MB degradation. Tested in textile wastewater treatment outlets, BM exhibits a hydrogen production rate of 6.155 mu moles alongside reduced COD, BOD, TOC, and microbial load, showcasing its dual capability for hydrogen generation and simultaneous wastewater treatment. Thus, the efficiently designed type -II heterostructure formed between BV and MS behaves as a dual system with demonstrated usage in low -quality water for hydrogen generation with its simultaneous treatment.;10.1016/j.jclepro.2024.141502
Performance optimization of microbial electrolysis cell (MEC) for palm oil mill effluent (POME) wastewater treatment and sustainable Bio-H2 production using response surface methodology (RSM);"Chandrasekhar, AKAWA; Wang, J Y; Chandrasekhar, K; Abdeshahian, P; Islam, M A; Ghanbari, F; Bajpai, M; Katoch, S S; Bhagawati, P B; Li, H; Kalil, M S; Hamid, A A; Abu Hasan, H; Ma, P C";2022;"BIOELECTRICITY GENERATION; BIOHYDROGEN; BIOMASS; DEGRADATION; ENERGY; FUEL-CELL; HYDROGEN GAS-PRODUCTION; Hydrogen production; KLEBSIELLA-VARIICOLA; Microbial electrolysis cell (MEC); Optimization; Palm oil mill effluent (POME); REACTOR; Response surface methodology (RSM); SUBSTRATE; Wastewater";Microbial electrolysis cells (MECs) are a new bio-electrochemical method for converting organic matter to hydrogen gas (H-2). Palm oil mill effluent (POME) is hazardous wastewater that is mostly formed during the crude oil extraction process in the palm oil industry. In the present study, POME was used in the MEC system for hydrogen generation as a feasible treatment technology. To enhance biohydrogen generation from POME in the MEC, an empirical model was generated using response surface methodology (RSM). A central composite design (CCD) was utilized to perform twenty experimental runs of MEC given three important variables, namely incubation temperature, initial pH, and influent dilution rate. Experimental results from CCD showed that an average value of 1.16 m(3) H-2/m(3) d for maximum hydrogen production rate (HPR) was produced. A second-order polynomial model was adjusted to the experimental results from CCD. The regression model showed that the quadratic term of all variables tested had a highly significant effect (P < 0.01) on maximum HPR as a defined response. The analysis of the empirical model revealed that the optimal conditions for maximum HPR were incubation temperature, initial pH, and influent dilution rate of 30.23 ?, 6.63, and 50.71%, respectively. Generated regression model predicted a maximum HPR of 1.1659 m(3) H-2/m(3) d could be generated under optimum conditions. Confirmation experimentation was conducted in the optimal conditions determined. Experimental results of the validation test showed that a maximum HPR of 1.1747 m(3) H-2/m(3) d was produced. (c) 2021 Hydrogen Energy Publications LLC. Published by Elsevier Ltd. All rights reserved.;10.1016/j.ijhydene.2021.09.259
Hydrogen production automatic control in continuous microbial electrolysis cells reactors used in wastewater treatment;"Alcaraz-Gonzalez, V; Rodriguez-Valenzuela, G; Gomez-Martinez, J J; Dotto, G L; Flores-Estrella, R A";2021;"Bio-hydrogen; Control; Microbial electrolysis cell; Modeling; Wastewater treatment";In this paper, two control laws are proposed and applied in a model for a continuous Microbial Electrochemical Cells system. The used model is based on mass balances describing the behavior of substrate consumption, microbial growth, competition between anodophilic and methanogenic microorganisms for the carbon source in the anode, hydrogen generation, and electrical current production. The main control objective is to improve the electrical current generated and thus the production of bio-hydrogen gas in the reactor, using the dilution rate and the applied potential as individual control input variables. The control laws implemented are nonlinear adaptive type. In order to demonstrate its usefulness, numerical simulation runs involving multiple set-point changes and input perturbations were conducted for each control variable. The results of these simulations show that both control laws were able to respond adequately and efficiently to the disturbances and reach the reference value to which they were subjected. Moreover, it is possible to control both the electrical current produced and the hydrogen produced. Finally, these simulations also show that the highest rate of hydrogen production can be obtained using the applied potential as a control input, but such productivity is only attainable for a short period of time.;10.1016/j.jenvman.2020.111869
Driving Adsorbate Evolution via Oxygenated Surface Species Modulation for Ammonia Electrooxidation;"Kim, J; Hang, Y C; Park, H; Cheng, L L; Gong, M M; Shah, A H; Shin, H; Ye, C C; Kim, D H; Bu, Y F";2026;"Alloy; Ammonia; CATALYSTS; EFFICIENT; ELECTROCATALYSTS; ELECTROLYSIS; HYDROGEN; Hydroperoxide; IR; In situ FT-IR; OXIDATION; REDUCTION; Surface activation; Wastewater";The electrochemical ammonia oxidation reaction (eAOR) to dinitrogen offers a promising pathway for sustainable nitrogen cycles and hydrogen generation. However, despite mechanistic insights into *NHx dehydrogenation and OH--mediated proton-coupled electron transfer, conventional metal catalysts, including Pt and Pt-Ir alloys, still suffer from sluggish kinetics and poor stability. Here, we report that controlling oxygenated co-adsorbates steers the adsorbate-evolution pathway of the eAOR to N2. An exsolved Pt3Ni alloy on a perovskite scaffold selectively stabilizes *OOH and strengthens *NH2 binding via interfacial charge redistribution (elevated surface potential) and a raised Pt d-band center. In situ Fourier transform infrared spectroscopy combined with density functional theory reveals that both the *NHx-to-*N dehydrogenation and *OOH formation steps critically affect the rate-determining process via the N2H4 pathway of the Gerischer-Maurer (G-M) mechanism. Benefiting from (oxy)hydroxide-assisted eAOR, the catalyst delivers mass activity up to 862 A gPt -1, surpassing the state-of-the-art benchmarks. When deployed in a solar-driven ammonia electrolyzer, the catalyst achieves 13.7 mA at cell voltage of 1.0 V, and stable solar-driven hydrogen production at 394 L kWh-1 (NH3 removal rate of 62 mg/day) in landfill leachate-like wastewater conditions. These findings establish an absorbate-assisted mechanism design approach for developing advanced N-species electrocatalysis.;10.1002/anie.202523481
Waste cotton stalk-derived carbon-supported Ni/NiO composite as an efficient bifunctional electrocatalyst for urea-assisted alkaline overall water splitting;"Cao, J M; Yao, J P; Ren, Y C; Sun, M T; Ou, C Y; Li, R X; Chen, Y H; Zhang, J J";2026;"Biomass-derived carbon; CO; Electrocatalyst; Hydrogen; NANOPARTICLES; NANOSHEETS; NIO; Ni/NiO@C composite; OXYGEN EVOLUTION REACTION; Urea oxidation reaction";Coupling waste biomass-derived carbon-supported transition metal oxide electrocatalysts with urea-assisted alkaline water splitting helps to reduce waste and pollution, while improving the efficiency of electrocatalytic hydrogen production. Herein, we report a waste cotton stalk-derived carbon-supported Ni/NiO composite (Ni/ NiO@C) synthesized via a straightforward pyrolysis strategy, enabling efficient valorization of agricultural biomass while significantly reducing catalyst cost. The optimized Ni/NiO@C-2 delivers exceptional bifunctional electrocatalytic activity, achieving a remarkably low overpotential of 117 mV for the urea oxidation reaction (UOR) and 228 mV for the hydrogen evolution reaction (HER) at 10 mA cm- 2, with the UOR exhibiting a Tafel slope as low as 22.18 mV dec- 1, underscoring its superior reaction kinetics. Notably, when employed as both the anode and cathode in a urea-assisted water electrolyzer, Ni/NiO@C-2 requires a cell voltage of only 1.55 V to achieve 10 mA cm- 2-substantially lower than that of conventional water splitting-while maintaining exceptional operational stability over prolonged electrolysis. The remarkable performance is attributed to the synergistic interplay between the hierarchically porous carbon architecture derived from natural cotton stalk, which ensures uniform dispersion of active Ni/NiO nanoparticles, and the enhanced charge transfer enabled by the well-integrated hybrid interface. This work not only establishes a sustainable platform for converting agricultural waste into high-performance electrocatalysts but also provides a viable pathway toward energy-saving hydrogen production through urea-assisted water splitting, offering a compelling strategy for simultaneous clean energy generation and wastewater treatment.;10.1016/j.jelechem.2026.120111
Integrated photo electrocatalytic treatment and hydrogen production using titanium dioxide and silver-doped titanium dioxide electrodes in real pharmaceutical wastewater;"Ates, A E; Ates, S; Bicer, Y";2026;"BIOMASS; CATALYSTS; GENERATION; Hydrogen production; NANOMATERIALS; NANOPARTICLES; OXIDATION; PHOTOCATALYTIC DEGRADATION; Pharmaceutical wastewater treatment; Photo electrocatalytic oxidation; REMOVAL; Sustainable water-energy systems; TEMPERATURE; TIO2";The development of energy-efficient electrochemical systems capable of simultaneously treating complex industrial wastewaters and recovering hydrogen is of growing importance for sustainable process engineering. This study investigates the synthesis and application of Ag/TiO2 and TiO2 coated stainless-steel electrodes in a membrane-separated photoelectrocatalytic (PEC) system for the concurrent treatment of real pharmaceutical wastewater and green hydrogen production. The effects of key operational parameters, including pH, temperature, current density, and reaction time, were systematically optimized using response surface methodology (RSM). The developed quadratic models exhibited strong statistical performance, with high coefficients of determination (R-2 = 0.9668-0.9925), low coefficients of variation (CV = 3.35-8.87%), and high adequate precision values (21.53-54.42), confirming model reliability and predictive capability. Among the evaluated electrode configurations, the Ag/TiO2-TiO2 anode system achieved the highest pollutant removal performance, reducing the normalized contaminant concentration (C/C-0) to similar to 0.05 within 60 min, corresponding to 98.88% COD and 99.90% color removal. On the cathodic side, Ag/TiO2 electrodes consistently outperformed undoped TiO2, yielding up to 16.1 mmol h(-1) of hydrogen, approximately 50% higher than TiO2 cathodes under optimized conditions. The enhanced hydrogen evolution was attributed to improved charge carrier separation and electron transfer facilitated by Ag incorporation. The influence of the real wastewater matrix on PEC performance further highlights the necessity of evaluating such systems under realistic operating conditions. The results demonstrate that Ag/TiO2 electrodes provide a viable platinum-free alternative for integrated wastewater detoxification and hydrogen recovery, supporting their potential for scalable PEC applications.;10.1016/j.ijhydene.2026.154277
Synergistic electronic modulation via Sn/P dual-doping engineering enables robust bifunctional electrocatalysis in complex wastewater systems;"Qi, Z X; Zhang, Y; Huang, J Z; Zhang, W J; Wang, Y; Qi, Y; Yin, S; Mi, H Y; Xie, Y H";2025;"Bifunctional electrocatalyst; CATALYSTS; CO; Dual doping; FE; Layered double hydroxide; NI; OXYGEN; Oilfield wastewater; Synergistic modulation";The integration of environmental remediation with green hydrogen production bifunctional water electrolysis in hypersaline industrial effluents requires catalysts that simultaneously address efficiency-stability trade-offs. This study presents a self-supported P-SnCoFe-LDH/NF architecture engineered through dual-ion co-doping, demonstrating unprecedented performance in chloride-rich alkaline oilfield wastewater. The optimised catalyst achieves overpotentials of 253 mV for oxygen evolution reaction (OER) and 187 mV for hydrogen evolution reaction (HER) at 10 mA cm(-2) with 12-h stability, representing a 4 and 41 % performance retention improvement over conventional CoFe-LDH in aggressive media. Mechanistic studies reveal dual electronic modulation: Sn-doping induces d-band center downshifting while P-incorporation generates electron-deficient metal centers. This synergy establishes optimal adsorption-desorption equilibrium, evidenced by 21 % reduced OER charge transfer resistance and 56 % enhanced HER Volmer kinetics. The symmetric electrolyser (P-SnCoFe-LDH/NF||P-SnCoFe-LDH/NF) maintains <2 % voltage decay during continuous operation. This work presents a new paradigm for multifunctional electrocatalysis in complex aqueous matrices.;10.1016/j.apsusc.2025.164297
Optimizing Nickel-Based catalysts for UOR: The role of W interface in nickel-selective oxidation reaction (NSOR) enhancement;"Duan, Y; Sultana, F; Zhang, X F; Yan, X Q; Du, X B W; Shi, M J; Zhang, P; Qin, X J; Qian, K C; Li, T T; Tan, M W; Li, R H";2025;"Anodic polarization; ELECTROCATALYSTS; EVOLUTION; Electrochemical deposition; HYDROGEN-PRODUCTION; Nickel-selective oxidation reaction; Two-electrode configuration; Urea oxidation reaction";The urea oxidation reaction (UOR) presents a promising alternative to the oxygen evolution reaction (OER) for hydrogen production, offering a lower theoretical potential and capacity for wastewater treatment. However, the sluggish kinetics of UOR demand advanced catalyst development. Here, we report a tungsten-doped nickel catalyst (Ni100-W1-NF) synthesized via electrochemical deposition on nickel foam, which demonstrates exceptional catalytic performance. The Ni100-W1-NF catalyst achieves a current density of 100 mA cm-2 at 1.35 V vs. RHE during UOR, significantly surpassing undoped Ni-based catalysts. When integrated into a two-electrode system coupling UOR with the hydrogen evolution reaction (HER), the system operates at 1.56 V to reach 100 mA cm- 2, a notable voltage reduction compared to OER-coupled systems. Phase characterization and density functional theory (DFT) calculations reveal that the optimized W doping induces electron transfer from Ni to W, reducing the adsorption-free energies of OH- to -4.23 eV and Ni (III)-urea to - 2.88 eV. This electronic modulation enhances UOR kinetics by accelerating the nickel-selective oxidation reaction (NSOR) and stabilizing high-valence nickel species. Compared to existing strategies, this work demonstrated the unique effectiveness of W doping in precisely tailoring electronic structures and reaction pathways, offering a sustainable and energyefficient route for hydrogen production through urea electrolysis.;10.1016/j.cej.2025.162215
Cobalt Incorporation Promotes CO2 Desorption from Nickel Active Sites Encapsulated by Nitrogen-Doped Carbon Nanotubes in Urea-Assisted Water Electrolysis;"Zhang, Q; Ma, S X; Xie, Y H; Pan, S Y; Miao, Z P; Wang, J T; Yang, Z H";2024;"NANOSHEETS; NI2P; OXIDATION REACTION; PERFORMANCE; ROBUST";"The potential application prospects of urea-assisted water electrolysis toward hydrogen production in renewable energy infrastructure can effectively alleviate energy shortages and environmental pollution caused by rich urea wastewater. It is of prominent significance that adjusting the CO2 desorption of nickel-based electrocatalysts can overcome the slow reaction kinetics for urea oxidation reaction (UOR) to achieve exceptional catalytic activity. In this work, cobalt (Co) metal doping is employed to boost the UOR performance of nitrogen-doped carbon nanotubes encapsulating nickel nanoparticle electrocatalysts (Ni@N-CNT). The influence of diverse Co doping concentrations on the performance of UOR and hydrogen evolution reaction (HER) catalytic activities associated with stability are systematically investigated. The Co dopant can effectively promote the dynamical conversion of Ni to Ni3+ species; as a result, the UOR catalytic activity is improved by 1.8-fold at 1.6 V vs RHE. The DFT calculation results show that the CoNi bimetallic structure possesses a comparably lower binding energy for CO2 adsorption accelerating the rate-limiting step. Meanwhile, the Co dopant also boosts the HER performance, achieving a 57 mV reduction in overpotential at 100 mA cm-2 due to the creation of more active sites. In addition, the assembled urea-assisted water electrolysis attains 10 mA cm-2 at merely 1.51 V as well as excellent stability.";10.1021/acs.langmuir.4c03711
Spatiotemporal decoupling of microbial electrolysis for continuous wastewater treatment and high-efficiency solar hydrogen production;"Li, G F; Zhang, D D; Yang, Y; Li, Z D; Ren, N Q; Lu, L";2026;"CELLS; Decoupled system; Electron-coupled-proton buffer; Hydrogen; Microbial photoelectrochemistry; Solar energy; Wastewater";Solar-driven microbial photoelectrochemical cells (MPECs) enable simultaneous wastewater treatment and renewable H2 production but face practical challenges from intermittent solar irradiation, slow microbial oxidation kinetics that limit coupled electrochemical H2 evolution, and low H2 purity. Here, we propose a decoupled MPEC system mediated by an electron-coupled-proton buffer (ECPB), which enables spatiotemporally separated microbial oxidation and centralized H2 production through flexible solar energy utilization. During wastewater treatment, electrons and protons derived from microbial oxidation of organics are spontaneously captured and stored in the ECPB, operating day and night. This allows reduced ECPB to be rapidly oxidized for on-demand H2 production in a compact electrolyzer under sunlight. When treating real wastewater, the decoupled system achieved over 75% COD removal and an energy yield, defined as hydrogen energy output relative to the chemical energy of organics input, of 96.7%. By decoupling the slow microbial process from the rapid H2 evolution reaction, the system significantly outperformed a coupled MPEC. It exhibited a 4.8 times higher average H2 production rate, a 79% reduction in capital expenditure per unit of H2, 3 times the energy output, and superior H2 purity. These results demonstrate that the decoupled MPEC provides an effective strategy for flexible utilization of renewable energy, enabling both efficient wastewater treatment and sustainable green H2 generation.;10.1016/j.envres.2026.124891
Electrochemical system for simultaneous treatment of textile dyeing effluents and hydrogen recovery;"Cuesta-Mota, D; Serra-Clusellas, A; Macanás, J; Canals-Casals, L; López-Grimau, V";2026;"AZO DYES; Alkaline electrolysis; DEGRADATION; Discoloration; ELECTROLYSIS; Electrochemical processes; Hydrogen production; KINETICS; MECHANISMS; ORGANIC-COMPOUNDS; OXIDATION; PERFORMANCE; Textile dyeing effluents; WASTE-WATER; WASTEWATERS; Wastewater treatment";The textile industry is a major contributor to global water pollution, generating complex wastewater that conventional treatments struggle to remediate. Electrochemical processes are effective alternatives, degrading persistent organic pollutants while simultaneously producing hydrogen as a valuable byproduct. However, current electrochemical systems often disregard hydrogen recovery and face challenges such as low wastewater conductivity, high energy consumption, and gas contamination. This study presents a novel bicompartmental electrochemical reactor designed for simultaneous textile dye wastewater treatment and hydrogen recovery. The system incorporates an anion-exchange membrane (AEM) to fully separate the anolyte and catholyte, preventing gas cross-contamination and improving energy efficiency. Key parameters, including current density, electrode materials, and dyeing auxiliaries are systematically evaluated in this study. This electrochemical system effectively decolorizes real textile wastewater, being the dye (Procion Blue H-EXL) degraded following a pseudo-first-order kinetics. Optimal conditions for industrial application are identified using a multicriteria approach, selecting Ir-Ru/MMO as the anode and Ni as the cathode at 150 mA/cm2 for treating dye textile effluents that use NaCl as a salt. For dye wastewaters containing Na2SO4 instead of NaCl, a BDD anode is chosen to generate hydroxyl radical for effective treatment and Ni is also selected as the cathode. The applied charge required for 95 % dye degradation ranges from 1.7 to 12.3 Ah/g dye depending on the salt and alkali used in the dye process, with the kinetics with NaOH being from two to five times faster than with Na2CO3. Additionally, the system achieves stable hydrogen production with high Faradaic efficiency (94.3-96.9 %) and purity (98.7 %), with an energy recovery potential of 23-33 % relative to the treatment energy consumption. This scalable and efficient electrochemical system offers a promising solution for industrial textile wastewater treatment while enabling sustainable hydrogen production.;10.1016/j.envres.2026.123713
Mn-doped CuNNi3 antiperovskite for high efficient urea assisted overall water splitting;"Li, F D; Li, Z S C; Lv, Q L; Lv, L; Wang, H; Zhu, T; Zhu, X; Li, K Z; Li, Z S";2026;"Bifunctional electrocatalysts; CuNNi3-xMnx anti-perovskite nitride; ELECTROCATALYST; EVOLUTION; Hydrogen evolution reaction; Mn-doping; Urea oxidation reaction";Urea-assisted overall water splitting has emerged as a cost-efficient and promising technology for hydrogen production, which not only avoids the formation of an explosive H-2/O-2 gas mixture but also significantly reduces the energy input required for water electrolysis. In this work, a bifunctional CuNNi3-xMnx catalyst self-supported on nickel foam (NF) was synthesized via a facile hydrothermal method followed by annealing, resulting in highly efficient and stable electrocatalysts for both the urea oxidation reaction (UOR) and the hydrogen evolution reaction (HER). Controlled Mn doping allows precise modulation of the electronic structure of CuNNi2.4Mn0.6 at the Ni active sites, simultaneously enhancing the adsorption/desorption kinetics of hydrogen intermediates (H*) and facilitating C-N bond cleavage in urea. The optimized CuNNi2.4Mn0.6 catalyst requires only 1.336 V for UOR and 44 mV for HER to achieve a current density of 10 mA cm(-2), demonstrating remarkable bifunctional activity. Moreover, when employed as both anode and cathode in a urea-assisted overall water splitting system, the catalyst enables a cell voltage of merely 1.526 V at 10 mA cm(-2), significantly lower than that required for conventional water electrolysis (1.695 V vs. RHE). The system also exhibits excellent durability, maintaining stable performance for over 30 h at 10 mA cm(-2) without significant activity loss. This work provides a foundation for the further exploration of transition metal-based bifunctional electrocatalysts, paving the way for energy-efficient hydrogen production and simultaneous treatment of urea-rich wastewater.;10.1016/j.ijhydene.2025.153329
Valorization of agro-waste into graphene oxide for enhanced biohydrogen recovery in microbial electrolysis cell;"Palanivel, P D; Mohamed, S N";2025;"Biomass waste; Cathode catalyst; EVOLUTION; FUEL-CELLS; Graphene oxide; HYDROGEN-PRODUCTION; Hydrogen; Microbial electrolysis cell; PERFORMANCE; REDUCTION; REMOVAL; WATER TREATMENT; Wastewater";Transitioning from fossil fuels to sustainable sources like hydrogen is crucial for mitigating greenhouse gas emissions and attaining sustainable development goals. Microbial electrolysis cell (MEC) is superior for producing biohydrogen since they can afford higher energy recovery than conventional methods. This work examines the synthesis of graphene oxide (GO) from agricultural waste and the implementation of GO-modified nickel foam cathode in microbial electrolysis cell for hydrogen production. The structural characterization of the synthesized GO confirms the presence of hydroxyl and carboxyl functional groups and its amorphous nature, which may be attributed to the use of natural precursor. Electrochemical analysis showed that synthesized electrode has lower overpotential (-776 mV) than the plain cathode (-877 mV), exhibiting its positive influence on the hydrogen evolution rate. This electrode demonstrates lower charge transfer resistance (154.9 S2) than the plain electrode (756.8 S2) and moderate electrochemical stability over 200 prolonged cycles. This enhanced electrochemical performance is attributed to improved conductivity and electron transfer kinetics of the GO layer. Employment of synthesized electrode in MEC showed an enhanced hydrogen production rate of 2.8-fold (1.05 + 0.35 mmol/L/day) higher than plain electrode (0.37+0.13 mmol/L/day). Furthermore, the GO-coated cathode demonstrates enhanced chemical oxygen demand (COD) removal of 48.9 + 1.0 % than plain cathode (37.8 + 0.6 %), highlighting its significance for wastewater treatment applications. The first-order kinetic model best describes the COD removal process. This comprehensive evaluation reveals the synergistic advantage of enhancing hydrogen production and COD removal with agro-waste-based catalyst, contributing to developing eco-friendly technology for energy recovery and wastewater treatment.;10.1016/j.electacta.2025.147277
Harnessing the heterostructure linkage of NiFe-layered double hydroxide and Ni3S4 for overall urea electrolysis;"Vengadesh, R; Susikumar, T; Archana, J; Mathimalar, S; Ryu, S Y; Jesuraj, P J";2026;"Bifunctional catalyst; CATALYST; EFFICIENT; ELECTROCATALYSTS; FOAM; HYDROGEN EVOLUTION REACTION; Hydroxyl vacancies; LDH; Layered double hydroxides; NICKEL SULFIDE; SITES; Urea oxidation reaction (UOR)";Empowering non-noble metal-based electrocatalysts is essential to meet the global energy demands for costeffective green hydrogen production and efficient wastewater treatment through water-splitting applications. Transition metal-based hydroxides and sulfides have gained immense research interest in the scientific community owing to their excellent activity in hydrogen and oxygen evolution reactions (HER/OER). Herein, we report a rational design of heterostructure composed of nickel iron layered double hydroxide (NiFe-LDH) and polydymite-phase nickel sulphide (Ni3S4) to drive efficient electrocatalytic urea electrolysis. This work systematically studied the effect of NiFe-LDH-Ni3S4 heterostructures (NF:NS-X) with varying mass loadings of Ni3S4. The strategic addition of Ni3S4 phase on NiFe-LDH is found to create a compressive strain in NiFe-LDH together with enhanced hydroxyl vacancy. Furthermore, the X-ray photoelectronic studies and electron paramagnetic resonance unravelled a significant interfacial electron transfer from Ni3S4 to NiFe-LDH, which modulates the Ni and Fe valencies to facilitate superior reaction kinetics. The optimal catalyst, NF:NS-40 achieved the urea oxidation reaction (UOR) at potential of 1.34 V and HER with a low overpotential 119 mV (at 10 mA/cm2). The excellent reaction kinetics of NF:NS-40 are further supported with the lower Tafel slopes of 83 mV/dec (UOR) and 139 mV/dev (HER). When employed as a bifunctional catalyst in a membrane free electrolyzer, NF:NS-40 achieves a cell potential of only 1.48 V (at 10 mA/cm2) in overall urea electrolysis, demonstrating prolonged stability and significant energy savings.;10.1016/j.ijhydene.2026.154682
Bimetallic NiPd Nanoparticle-Incorporated Ordered Mesoporous Carbon as Highly Efficient Electrocatalysts for Hydrogen Production via Overall Urea Electrolysis;"Muthuchamy, N; Jang, S; Park, J C; Park, S; Park, K H";2019;"ARRAYS; BIOSENSOR; CATALYSTS; DEHYDROGENATION; ELECTROOXIDATION; NANOSHEETS; Ni-Pd bimetal; OXIDATION; OXYGEN REDUCTION; PERFORMANCE; SURFACE-CHEMISTRY; bifunctional catalyst; hydrogen evolution reaction; mesoporous carbon; urea electro-oxidation";Efficient catalysts for energy conversation from wastewater and energy storage are still existing. The effective hydrogen energy production through lower energy consumption is considered as a promising approach to access the world's clean energy demand. Herein, an extraordinary bifunctional electrocatalytic activity on hydrogen energy production via urea electro-oxidation reaction in the alkaline electrolyte is evaluated by the highly dispersed tiny nickel palladium bimetallic nanoparticle-incorporated ordered mesoporous carbon (Ni(10%)Pd(10%)/OMC). The systematic electrocatalytic studies on the Ni(10%)Pd(10%)/OMC bifunctional electrocatalyst shows a very low required overpotentials [1.346 and -0.117 V vs reversible hydrogen electrode (RHE) in 1 M KOH +0.33 M urea] to achieve urea electro-oxidation and hydrogen evolution reactions at a respective electrocatalytic current density of 30 mA cm(-2), which is comparatively very lower overpotential than the oxygen evolution reaction (1.585 V vs RHE) in the water electrolysis system. Moreover, there is no remarkable electrocatalytic activity losses even after 5000 voltammetric cycles on urea electro-oxidation and hydrogen evolution reactions. The Ni(10%)Pd(10%)/OMC bifunctional electrocatalyst exhibits highly efficient and faster reaction kinetics on urea electrolysis than the other three individual electrocatalysts and reasonable performance with the benchmark Pt-20%@C and IrO@C catalysts. Notably, the presence of nonprecious nickel metal promotes good electron density at palladium active sites of Ni(10%)Pd(10%)/OMC, which in turn facilitates efficient electrocatalytic reduction reactions to enhance the rate of overall urea electrolysis. Overall, the superior bifunctional ability of Ni(10%)Pd(10%)/OMC could be an appropriate energy efficient electrocatalyst to produce clean energy from wastewater treatment and fuel cell applications.;10.1021/acssuschemeng.9b03275
Multi-Population Model of a Microbial Electrolysis Cell;"Pinto, R P; Srinivasan, B; Escapa, A; Tartakovsky, B";2011;"ANAEROBIC-DIGESTION; FUEL-CELLS; HYDROGEN-PRODUCTION; MATHEMATICAL-MODEL; REACTOR";This work presents a multi-population dynamic model of a microbial electrolysis cell (MEC). The model describes the growth and metabolic activity of fermentative, electricigenic, methanogenic acetoclastic, and methanogenic hydrogenophilic microorganisms and is capable of simulating hydrogen production in a MEC fed with complex organic matter, such as wastewater. The model parameters were estimated with the experimental results obtained in continuous flow MECs fed with acetate or synthetic wastewater. Following successful model validation with an independent data set, the model was used to analyze and discuss the influence of applied voltage and organic load on hydrogen production and COD removal.;10.1021/es104268g
Development of a mathematical model to calculate the energy savings and the system running costs through hydrogen recovery in wastewater electrolysis cells;"Kick, C; Apfelbacher, A; Daschner, R; Hornung, A";2021;"ANODIC-OXIDATION; Boron-doped diamond electrodes; Diaphragm; Hydrogen; Oxidation of organics; PHENOL; Wastewater electrolysis cell";Electrooxidation of wastewater using a wastewater electrolysis cell is known to effectively oxidize persistent organics. However, like other chemical physical treatment methods, the treatment costs are high. The separation of the evolving hydrogen using a diaphragm and the subsequent use of it can help to lower the operational costs of such systems. This paper provides a theoretical basis of the benefits of hydrogen recovery in wastewater electrolysis cells using a diaphragm. The paper discusses all main parameter contributing to the energy demand of the cell as well as to the energy saving potential through hydrogen recovery. The paper lays the theoretical foundation for qualified experiments and is meant to stimulate researchers to proof the proposed concept. The calculations show a maximum theoretical energy saving potential of 45% through the recovery of hydrogen at a minimum cell potential of 2.8 V. The calculations also highlight, that the theoretical energy recovery proportion decreases with rising cell potential as the energy demand of the cell depends on the cell voltage, the hydrogen production rate however does not. In summary, it can be concluded that hydrogen recovery in wastewater electrolysis cells is an effective way of reducing the operational costs and increasing the economic feasibility of electrooxidation systems. Finally, the running costs of the system are compared to wastewater disposal costs.;10.5004/dwt.2021.26583
Computational Fluid Dynamics Reveals Mass Transfer Limitations in a Pilot-Scale Microbial Electrolysis Cell;"Guerrero-Sodric, O; Navarro-Quispe, R J; Cortada-García, M; Baeza, J A; Guisasola, A";2026;"ANODE; ANSYS Fluent; BIOELECTROCHEMICAL HYDROGEN-PRODUCTION; DOMESTIC WASTE-WATER; FUEL-CELLS; PERFORMANCE; computational fluid dynamics (CFD); microbial electrolysis cell (MEC); pilot plant; wastewater treatment";The scalability of microbial electrochemical technologies (METs), particularly microbial electrolysis cells (MECs), is constrained by hydrodynamic and mass transfer limitations that hinder efficient resource recovery from wastewater. This study presents a comprehensive computational fluid dynamics (CFD) model of a pilot-scale MEC (1 m3), representing the largest MEC modeled to date and integrating fluid dynamics with bioelectrochemical substrate consumption. The model simulates the spatial distribution of the anolyte under various operational conditions to identify flow-induced limitations in substrate transport to anodic biofilms. Dead zones and preferential flow paths caused significant inefficiencies, resulting in poor acetate removal under laminar flow. When evaluating the influence of HRT, reaction kinetics, and diffusivity on MEC performance, simulations further underscore that reactor performance is predominantly governed by external mass transfer rather than intrinsic reaction kinetics. To mitigate transport limitations without reducing the volumetric treatment capacity, a recirculation strategy was implemented, enhancing acetate removal efficiency from 16% to 48%. Model predictions agreed well with experimental data from similar pilot-scale MECs, supporting the validity of the approach. This work is intended as a reduced-order framework to diagnose hydrodynamic and external mass transfer limitations in large-scale cassette-type MECs, offering practical insights for improving reactor design and operation.;10.1002/wer.70452
Manipulation of Electron Spins with Oxygen Vacancy on Amorphous/Crystalline Composite-Type Catalyst;"Li, L F; Zhang, X; Humayun, M; Xu, X F; Shang, Z X; Li, Z S; Yuen, M F; Hong, C X; Chen, Z H; Zeng, J R; Bououdina, M; Temst, K; Wang, X L; Wang, C D";2023;"DESIGN; EFFICIENT; ELECTROCATALYSTS; EVOLUTION; HYDROGEN; METAL-ORGANIC FRAMEWORKS; NANOSHEETS; OXIDATION; electrocatalysis; hydrogenevolution reaction; oxygen vacancy; spin-polarized electrons; ureaoxidation reaction";By substituting the oxygen evolution reaction (OER) with the anodic urea oxidation reaction (UOR), it not only reduces energy consumption for green hydrogen generation but also allows purification of urea-rich wastewater. Spin engineering of the d orbital and oxygen-containing adsorbates has been recognized as an effective pathway for enhancing the performance of electrocatalysts. In this work, we report the fabrication of a bifunctional electrocatalyst composed of amorphous RuO2-coated NiO ultrathin nanosheets (a-RuO2/NiO) with abundant amorphous/crystalline interfaces for hydrogen evolution reaction (HER) and UOR. Impressively, only 1.372 V of voltage is required to attain a current density of 10 mA cm(-2) over a urea electrolyzer. The increased oxygen vacancies in a-RuO2/NiO by incorporation of amorphous RuO2 enhance the total magnetization and entail numerous spin-polarized electrons during the reaction, which speeds up the UOR reaction kinetics. The density functional theory study reveals that the amorphous/crystalline interfaces promote charge-carrier transfer, and the tailored d-band center endows the optimized adsorption of oxygen-generated intermediates. This kind of oxygen vacancy induced spin-polarized electrons toward boosting HER and UOR kinetics and provides a reliable reference for exploration of advanced electrocatalysts.;10.1021/acsnano.3c12133
Surface reconstruction-driven WCuNiMo alloy for efficient ammonia oxidation and hydrogen evolution;"Sultana, F; Shi, J C; Li, R K; Sun, K X; Wang, Q R; Xiao, T; Yan, X Q; Wei, T; Li, R H";2026;"ELECTRODE; ELECTROOXIDATION";The global transition toward renewable energy necessitates the development of highly efficient electrocatalysts for sustainable hydrogen production. Herein, a multimetallic WCuNiMo catalyst was synthesized via a hydrothermal-calcination route, followed by post-treatment under reductive (H2/Ar) and oxidative (air) atmospheres to obtain a metallic WCuNiMo alloy and its oxidized counterpart (WCuNiMoOx), respectively. The resulting WCuNiMo alloy features a nanostructured architecture with enhanced electrical conductivity and abundant electrochemically accessible active sites. Owing to the synergistic electronic interactions among W, Cu, Ni, and Mo and favorable structural characteristics, the catalyst demonstrates outstanding bifunctional electrocatalytic activity toward the ammonia oxidation reaction (AOR) and hydrogen evolution reaction (HER) in alkaline media. Specifically, the WCuNiMo alloy achieves a current density of 100 mA cm(-2) at an ultralow potential of 1.37 V vs. RHE for AOR, which is significantly lower than the 1.65 V required for the oxygen evolution reaction (OER) under identical conditions. Meanwhile, it delivers a low HER overpotential of 186 mV at 10 mA cm(-2), outperforming its oxidized counterpart. Electrochemical impedance spectroscopy coupled with in situ Fourier-transform infrared (FTIR) spectroscopy reveals accelerated charge transfer kinetics and a stepwise ammonia dehydrogenation pathway governed by the Oswin-Salomon (O-S) mechanism. When integrated into a model alkaline electrolyzer, the symmetric WCuNiMo parallel to WCuNiMo configuration operates at a low cell voltage of 1.67 V to deliver 100 mA cm(-2), accompanied by a high hydrogen evolution rate of 1.366 mmol h(-1) cm(-2) with nearly 100% faradaic efficiency and 64% ammonia removal after 24 hours. This work demonstrates the critical influence of calcination atmosphere on structural and functional optimization, offering a promising strategy for efficient hydrogen production and ammonia-containing wastewater remediation.;10.1039/d5nr04903b
Bias-free solar-driven hydrogen production from hydrazine wastewater using surface-modified BiVO4-based photoelectrochemical cell;"Tong, F X; Wang, M Q; Cui, X H; Liu, Z H; Bao, X L; Dai, D J; Liang, X Z";2025;"BIVO4 PHOTOANODES; Bias-free; Charge separation; EVOLUTION; Hydrazine wastewater oxidation; Photoelectrochemical water splitting; Solar hydrogen evolution; TRANSPORT";Loading cocatalysts on the photoelectrode surface has been one of the most effective strategies to improve the charge separation and redox reaction kinetics during solar-driven photoelectrochemical (PEC) water splitting. The present study demonstrates that a nanoporous BiVO4 (BVO) photoanode modified with efficient nickel-iron borate species (NiFe-Bi) exhibits significantly enhanced PEC activity and stability in a simulated hydrazine wastewater environment. The NiFe-Bi cocatalysts can enhance the transfer and separation of interfacial charges and significantly improve the charge injection efficiency. The introduction of hydrazine pollutant with low oxidation potential further promotes the transfer of holes from the surface to the electrolyte while inhibiting the dissolution of VO43- from the BiVO4 film. Importantly, by combining BVO/NiFe-Bi as a photoanode and a commercial platinum sheet as a cathode, a tandem PEC cell can also be constructed to achieve unbiased solar-driven hydrogen evolution from hydrazine wastewater. The hydrogen evolution rate is approximately 4 mu mol h- 1 cm- 2, and it still maintains a certain stability under long-term light exposure (AM 1.5 G, 100 mW cm- 2) for 20 h. This work provides new inspiration for designing solar green hydrogen evolution processes.;10.1016/j.jece.2025.118192
Electronic structure optimization of WOx/Ni17W3 via Ce and V co-doping for all-pH HER and urea-assisted water electrolysis;"Li, D X; Liu, J B; Yan, Y; Guo, Z M; Ren, H; Yan, B; Li, Y F; Guo, F J; Zhang, X X; Cui, W; Yao, X";2026;"Catalytic activity; ELECTROCATALYST; Electronic structure regulation; Element doping; HYDROGEN EVOLUTION; Heterointerface engineering; SCALE; SITES; Wastewater purification";Developing cost-effective and durable electrocatalysts for both hydrogen evolution reaction (HER) and urea oxidation reaction (UOR) is essential for energy-efficient hydrogen production via urea-assisted water electrolysis. Herein, a Ce and V co-doped WOx/Ni17W3 heterostructure (CeV-WOx/Ni17W3) was constructed through element doping and interfacial engineering to optimize its electronic structure and catalytic activity. The optimized catalyst delivers low overpotentials of 12, 34, 42, and 19 mV at 10 mA cm-2 in alkaline, neutral, acidic, and alkaline seawater electrolytes, respectively. For UOR, only 1.35 V is required to achieve 10 mA cm-2. When applied to urea-assisted overall water splitting, a cell voltage of 1.55 V is sufficient to reach 100 mA cm-2, outperforming commercial Pt/C and RuO2. Density functional theory calculations indicate that Ce and V co-doping induces electron redistribution in WO2.72, modulating the d-band center and optimizing the Gibbs free energy of H* adsorption, thereby accelerating HER kinetics. This work provides an effective strategy for designing multifunctional electrocatalysts for sustainable hydrogen production and urea-rich wastewater treatment.;10.1016/j.fuel.2026.139273
Influence of Nickel molybdate nanocatalyst for enhancing biohydrogen production in microbial electrolysis cell utilizing sugar industrial effluent;"Jayabalan, T; Matheswaran, M; Radhakrishnan, T K; Mohamed, S N";2021;"BIOELECTROCHEMICAL SYSTEMS; CATALYSTS; CHALLENGES; EVOLUTION; HYDROGEN-PRODUCTION; Hydrogen; MORPHOLOGIES; Microbial electrolysis cell; Nickel molybdate; REDUCTION; Sugar industry wastewater; WASTE-WATER";Biohydrogen production in Microbial Electrolysis Cell (MEC) had inspired the researchers to overcome the challenges associated towards sustainability. Despite microbial community and various substrates, economical cathode catalyst development is most significant factor for enhancing hydrogen production in the MEC. Hence, in this study, the performance of MEC was investigated with a sugar industry effluent (COD 4200 +/- 20 mg/L) with graphite anode and modified Nickel foam (NF) cathode. Nickel molybdate (NiMoO4) coated NF achieved a higher hydrogen production rate 0.12 +/- 0.01 L.L-1D-1 as compared to control under favorable conditions. Electrochemical characterizations demonstrated that the improved catalytic activity of novel nanocatalyst with lower impedance favoring faster hydrogen evolution kinetics. The MEC with the novel catalyst performed with 58.2% coloumbic efficiency, 20.36% cathodic hydrogen recovery, 11.96% overall hydrogen recovery and 54.38% COD removal efficiency for a 250 mL substrate during 5 days' batch cycle. Hence, the potentiality of modified cathode was established with the real time industrial effluent highlighting the waste to wealth bio-electrochemical technology.;10.1016/j.actatropica.2020.124284
Carbon Dots-Mediated 0D/2D Interface Engineering in Ni3S2 Nanosheets for Efficient Electrocatalytic Urea Oxidation Coupled with Hydrogen Evolution;"Liu, Y H; Zhou, C X; Zhang, D X; Wu, J B; Khan, A U; Jiang, T Y; Liu, M Z; Sun, H T; Liu, H L; Mao, B D";2024;"ELECTRON-TRANSFER; bifunctional electrocatalyst; carbon dots; heterointerface; nickel sulfide; urea electrolysis";The urea oxidation reaction (UOR) has gained significant attention as an alternative to the oxygen evolution reaction (OER) for reducing energy consumption during simultaneous hydrogen production and degradation of urea. However, developing efficient electrocatalysts for UOR remains challenging due to the sluggish intrinsic kinetics involved in the six-electron process. In this study, we report the use of carbon-dot-modified ultrathin Ni3S2 nanosheets on nickel foam (Ni3S2-CDs@NF) with a quasi-parallel structure for urea-assisted electrocatalytic hydrogen evolution reaction (HER). The zero-dimensional/two-dimensional (0D/2D) Ni3S2-CDs@NF catalyst exhibit high bifunctional catalytic activities with a potential of 88 mV for HER and 1.35 V (vs RHE) for UOR at a current density of 10 mA cm-2. By incorporating Ni3S2-CDs@NF into a symmetrical electrolytic cell, low cell voltages of 1.67 and 1.81 V were acquired at the current densities of 50 and 100 mA cm-2 for HER||UOR, which are 110 and 280 mV lower than those of the nonreal HER||OER system, respectively. Further electrochemical tests demonstrated that the 0D/2D heterointerface between CDs and Ni3S2 maximized the exposure of surface-active sites while enhancing the electron transfer rates and reaction kinetics. This study not only offers insights into efficient carbon-dot-based electrocatalysts for urea electrolysis, but also holds significant potential for applications in electrochemical energy conversion and wastewater treatment.;10.1021/acsanm.4c05501
Efficient hybrid water splitting and direct electrooxidation of organic dye from wastewater using copper cobalt sulphide nanosheets;"Joshi, K K; Chauhan, S V; Pataniya, P M; Sumesh, C K";2024;"CARBON; ELECTRODES; EVOLUTION; HETEROSTRUCTURES; Hybrid water electrolysis; Hydrogen evolution reaction; MECHANISM; METHYLENE-BLUE; MOS2; Metal sulfide-based electrocatalysts; OXIDATION; Organic dye oxidation reaction; PERFORMANCE; Urea oxidation reaction";One potential method to lower the cost of electrocatalytic green hydrogen production is to use metal sulfidebased electrocatalysts in hybrid water electrolysis. This work uses a one-step hydrothermal synthesis to create copper cobalt sulphide (CuCo2S4) nanosheets for hybrid water splitting. Significant water-splitting activity was achieved using urea and organic dye (methylene blue) as supporting electrolytes to avoid delayed OER kinetics. For the KOH + urea and KOH + organic dye electrolytes, the working electrode displays an overpotential of 1.37 V against RHE and 1.30 V vs RHE, respectively, to yield a current density of 10 mA/cm2. The CuCo2S4 working electrode exhibits an overpotential of 212 mV versus RHE and 158 mV vs RHE at 10 mA/cm2 current density while monitoring hydrogen evolution reaction (HER) activity. For the KOH + organic dye electrolyte, the electrode exhibits exceptionally efficient electrocatalytic water splitting, with an overpotential of 1.50 V at a current density of 10 mA/cm2. At high current densities, the CuCo2S4 working electrode shows exceptional stability at industry standards throughout a broad pH range of basic, acidic, neutral, and saline environments. The use of several supporting electrolytes demonstrates an overall water splitting that is energy-efficient. Wastewater treatment can be accomplished through a circular economy strategy by merging the goals of environmental remediation (dye degradation) and renewable energy production (hydrogen evolution). This approach promotes sustainable growth, reduces waste, and encourages resource recovery. According to the internationally endorsed Sustainable Development Goals (SDGs), treating wastewater has the potential to help achieve 11 of the 17 SDGs.;10.1016/j.ijhydene.2024.01.330
Interfacial Electronic Engineering of the 2D/2D Cu-MoS2/Cu3(HIB)2 Heterojunction for Bifunctional Ammonia Electrolysis: Synergistic Hydrogen Production and Wastewater Detoxification;"Liu, J M; Zhang, S; Yulong, A; Li, Z Z; Zhang, X L; Zhang, Y P; Guo, C P; Zhang, Z H; Du, M";2025;"CATALYSTS; ELECTROOXIDATION; OXIDATION; ammonia electro-oxidation; bimetallic sulfide; conductive metal-organic framework; direct ammonia fuel cell; hydrogen evolution";The electrocatalytic ammonia oxidation reaction (eAOR) holds great potential for sustainable hydrogen production but is limited by sluggish kinetics. In this study, a novel 2D/2D heterojunction, Cu-MoS2/Cu3(HIB)2 (HIB: 1,2,3,4,5,6-hexachlorobenzene), is fabricated via in situ growth of a conductive copper-based metal-organic framework (Cu3(HIB)2) around Cu-doped MoS2. This heterojunction integrates abundant sulfur vacancies, modulates electron density at active sites, and facilitates rapid electron transfer. As a result, it exhibits significantly enhanced eAOR and hydrogen evolution reaction (HER) performance compared to individual components. The assembled electrolyzer achieves approximate to 100% ammonia removal and a high hydrogen production rate of 15.3 mL h-1 at 1.60 V versus RHE. In situ Fourier transform infrared (FT-IR) spectroscopy and density functional theory analyses reveal that S vacancies and Cu doping induce electron localization and orbital hybridization (Cu 3d, Mo 4d, S 2p), stabilizing Mo active sites and promoting ammonia (NH3) adsorption and activation. The formation and transformation of intermediates are optimized, facilitating the selective conversion of NH3 to nitrogen (N2). This study provides valuable insights into the design of bifunctional electrocatalysts via dimensional heterojunctions and demonstrates a promising strategy for coupling wastewater treatment with hydrogen production.;10.1002/adfm.202514112
Hollow NiCoP Nanoprisms Derived from Prussian Blue Analogues as Bifunctional Electrocatalysts for Urea-Assisted Hydrogen Production in Alkaline Media;"Ding, X D; Pei, L S; Huang, Y X; Chen, D Y; Xie, Z L";2022;"EFFICIENT; EVOLUTION REACTION; NiCoP electrocatalysts; PHOSPHIDE; electrolytic hydrogen production; hollow structure; hydrogen evolution reaction; urea oxidation reaction";Integrating the hydrogen evolution reaction (HER) and urea oxidation reaction (UOR) is an energy-saving approach for electrolytic H-2 production. Here, hollow NiCoP nanoprisms are derived from Prussian blue analogues by a combined self-template coordination reaction and gas-phase phosphorization strategy. Benefiting from the strong electron interaction, unique hollow nanostructure, and enhanced mass/charge transfer, NiCoP nanoprisms display outstanding alkaline HER and UOR performance. Specifically, low potentials of -0.052, -0.115, and -0.159 V for HER and ultralow potentials of 1.30, 1.36, and 1.42 V for UOR at current densities of 10, 50, and 100 mA cm(-2) are obtained. Moreover, in a urea-assisted water electrolysis system, NiCoP nanoprisms only require cell voltages of 1.36, 1.49, and 1.57 V to offer current densities of 10, 50, and 100 mA cm(-2), about 170, 180, and 200 mV less than the traditional water electrolysis. Theoretical calculations indicate the Co substitution in Ni2P promotes the adsorption and dissociation of water molecules, optimizes the desorption energy of active hydrogen atoms, and enhances the adsorption of urea molecules, thus accelerating the kinetics of HER and UOR. This work facilitates the application of hollow bimetallic phosphides in electrochemical preparation of clean energy and provides a successful paradigm for urea-rich wastewater electrolysis.;10.1002/smll.202205547
Nanoflowers Ni(OH)x/p-Ni with in-situ formation of high-valence nickel for boosting energy-saving hydrogen production from urea-assisted water splitting;"Xiang, Y; Yu, L J; Xiong, K; Zhang, H D; Chen, J; Shi, X Q; Deng, M; She, S Q";2024;"CONVERSION; DOPED GRAPHENE; ELECTROCATALYSTS; Electrochemical oxidation; Hydrogen production; NANOSHEETS; Nanoflower ni(OH) X; OXYGEN EVOLUTION; Solvothermal oxidation; Urea oxidation";Using urea oxidation reaction (UOR) instead of oxygen evolution reaction (OER) is one of promising strategies for significantly diminish power consumption for hydrogen production from electrochemical water splitting. The electrocatalysts with cost-effective, multifunctional and high-performance are urgently required for enhancing UOR and hydrogen evolution reaction (HER), but this remains a challenge. Herein, we designed a bifunctional Ni (OH)x/p-Ni catalyst by electrochemical oxidation of Ni(OH)2 in -situ grown on the surface of porous Ni membrane (p-Ni) to generate more abundant high -valence Ni3+ active species, which is favorable for reducing the energy barrier of electrochemical reaction. At the same time, a large number of metallic oxygen bonds (Ni-O) were formed to optimize the reaction kinetics of the electrochemical process, thus promoting the overall urea electrolysis efficiency. In 1.0 M KOH with 0.3 M urea, the optimized Ni(OH)x/p-Ni only requires potentials of 1.38 V and 0.22 V to obtain a current density of 100 mA cm -2 for UOR and HER, respectively. Notably, by assembling the Ni(OH)x/p-Ni as the cathode and anode for hydrogen production from urea -assisted water splitting, it can drive a current density of 100 mA cm -2 at a low voltage of 1.52 V and has excellent stability. This work provides a feasible strategy for design efficiently non -noble metal electrocatalysts for energy -saving hydrogen production and purifying urea -rich wastewater.;10.1016/j.ijhydene.2024.03.269
Flower-like sillenite nanosheets for dual electrocatalysis: Oxygen evolution and urea oxidation toward green hydrogen generation;"Lin, K H; Vasu, D; Chang, S H; Pichumani, M; Chiu, T";2026;"Agriculture; OER; OXIDE; Renewable energy; Sillenite; UOR";Hydrogen (H2) is widely regarded as a clean and efficient energy carrier with the potential to decarbonize multiple sectors. However, large-scale water electrolysis remains constrained by the high cost and scarcity of noble metal-based catalysts for the hydrogen evolution (HER) and oxygen evolution reactions (OER). In this work, we present a novel flower-like Bi12CoO20 (BCO) sillenite nanosheet catalyst, synthesized via a facile hydrothermal method followed by controlled annealing, which represents the first demonstration of morphologyengineered BCO for bifunctional electrocatalysis. The unique sillenite structure and nanosheet morphology synergistically enhance active site exposure and charge transport, leading to superior electrocatalytic performance. As an OER catalyst, BCO achieves a low overpotential of 330 mV at 10 mA cm- 2 and a Tafel slope of 115 mV dec-1 in 1 M KOH, indicative of favorable reaction kinetics and efficient electron transfer, as confirmed by electrochemical impedance spectroscopy. Moreover, BCO exhibits remarkably high activity toward the urea oxidation reaction (UOR), effectively coupling hydrogen production with simultaneous urea-rich wastewater valorization. This dual-functional catalytic behavior highlights BCO as a cost-effective, earth-abundant, and multifunctional platform for integrated hydrogen generation and environmental remediation. The findings introduce a new class of sillenite-based catalysts, offering a novel strategy for sustainable, low-energy hydrogen production.;10.1016/j.fuel.2025.137759
"The Ni-P dual vacancies crystalline/amorphous bifunctional electrode with ZnO ""electron pump"" for urea-assisted electrolysis of water to produce hydrogen";"Xu, X; Dong, Y C; Liu, F F; Wang, X Y; Li, X Y; Ren, J W; Wang, R F";2024;"Bifunctional electrode; CATALYST; ELECTROCATALYSTS; EVOLUTION; Hydrogen evolution reaction; Ion vacancy; MECHANISM; NICKEL FOAM; OXIDATION; PROGRESS; STATE; Urea oxidation reaction";"Electrochemical urea electrolysis holds great potential for energy-efficient hydrogen production and wastewater treatment. However, developing cost-effective and highly active catalysts remains a challenge. In this study, a novel bifunctional electrocatalyst of Ni-Zn bimetallic nanosheets (ZnO-Ni2P) was synthesized on Ni foam (NF) for efficient urea decomposition in urea-containing wastewater. The results showed that inactive ZnO phase acted as an ""electron pump"", which facilitated electron redistribution between Ni and P atoms and created localized vacancies of Ni and P cations. This optimized electronic configuration enhanced the kinetics of both the urea oxidation reaction (UOR) and hydrogen evolution reaction (HER). Additionally, a unique particle-porous structure with abundant grain boundaries was achieved through the utilization of the Kirkendall Effect and Ostwald Ripening. In an alkaline urea electrolysis system, the alkaline urea electrolyzer assembled with ZnO-Ni2P/NF sample as both electrodes exhibited a low driving potential of only 1.424 V to achieve a current density of 10 mA cm-2, which outperformed the commercial noble metal-based electrolyzer (RuO2||Pt/C). The results verify that incorporating an inactive phase to manipulate the electronic structure of the active phase can be an effective strategy in developing catalysts for urea electrolysis.";10.1016/j.ijhydene.2023.10.234
Scalable Electrocatalytic Urea Wastewater Treatment Coupled with Hydrogen Production by Regulating Adsorption Behavior of Urea Molecule;"Yang, C M; Pang, H J; Li, X; Zheng, X Y; Wei, T T; Ma, X; Wang, Q; Wang, C T; Wang, D J; Xu, B";2025;"Adsorption behavior; Heterogeneous interface; Hydrogen production; Urea wastewater treatment";Electrocatalytic urea wastewater treatment technology has emerged as a promising method for environmental remediation. However, the realization of highly efficient and scalable electrocatalytic urea wastewater treatment (SEUWT) is still an enormous challenge. Herein, through regulating the adsorption behavior of urea functional groups, the efficient SEUWT coupled hydrogen production is realized in anion exchange membrane water electrolyzer (AEMWE). Density functional theory calculations indicate that self-driven electron transfer at the heterogeneous interface (NiO/Co3O4) can induce charge redistribution, resulting in electron-rich NiO and electron-deficient Co3O4, which are superior to adsorbing C=O (electron-withdrawing group) and -NH2 (electron-donating group), respectively, regulating the adsorption behavior of urea molecule and accelerating the reaction kinetics of urea oxidation. This viewpoint is further verified by temperature-programmed desorption experiments. The SEUWT coupled hydrogen production in AEMWE assembled with NiO/Co3O4 (anode) and NiCoP (cathode) can continuously treat urea wastewater at an initial current density of 600 mA cm-2, with the average urea treatment efficiency about 53%. Compared with overall water splitting, the H2 production rate (8.33 mmol s-1) increases by approximately 3.5 times. This work provides a cost-effective strategy for scalable purifying urea-rich wastewater and energy-saving hydrogen production.;10.1007/s40820-024-01585-0
Multifunctional molybdenum-tuning porous nickel-cobalt bimetallic phosphide nanoarrays for efficient water splitting and energy-saving hydrogen production;"Qi, R W; Bu, H K; Yang, X; Song, M; Ma, J W; Gao, H T";2024;"ELECTROLYSIS; Energy -saving hydrogen production; FOAM; M0.3NCP@NF; METALS; Multifunctional catalyst; TRANSITION; Transition metal phosphides";The sluggish kinetics of the hydrogen evolution reaction (HER) and substantial barriers in the oxygen evolution reaction (OER) significantly impede its application in hydrogen production. To address this issue and enhance energy efficiency in hydrogen generation, we explored a high-activity alkaline HER catalyst while concurrently coupling it with the urea oxidation reaction (UOR). In this work, we designed and synthesized porous molybdenum (Mo)-modulated nickel-cobalt bimetallic phosphide nanoarrays (M0.3NCP@NF). This multifunctional selfsupported electrocatalyst demonstrates superior performance in HER, OER, and UOR. The introduction of Mo, in the form of CoMoO4 nanoparticles, promotes interfacial electron transfer to reduce the electron density around the cations in phosphides, enhancing the kinetics and intrinsic activity. Furthermore, the morphological changes induced by Mo accelerate both electron and mass transfer processes. Density functional theory and operando electrochemical impedance spectroscopy indicate that Mo introduction optimizes the interaction with HER intermediate H*, facilitating the conversion to a high-valent active intermediate for OER and accelerating UOR kinetics. Benefiting from dual optimization of morphology and structure, the as-prepared M0.3NCP@NF electrocatalyst demonstrates outstanding HER, OER, and UOR performances. Notably, a full urea electrolysis device powered by M0.3NCP@NF operates with a cell voltage of only 1.53 V to achieve a current density of 100 mA cm(-2). which is 240 mV lower than that of conventional water electrolysis, demonstrating the competitive potential of our approach for efficient and energy-saving hydrogen production, along with simultaneous urea wastewater remediation.;10.1016/j.jcis.2023.09.142
Hierarchically cactus-like nickel sulfide-lanthanum carbonate hydroxide composite for urea-assisted water splitting;"Yang, M L; Jin, H; Song, J F; She, S Q; Chen, J; Xiong, K";2025;EFFICIENT;Hydrogen production from water electrolysis is mainly affected by the high overpotential and slow reaction kinetics of the anodic oxygen evolution reaction (OER). Replacing slow oxygen evolution reaction (OER) with thermodynamically favorable urea oxidation reaction (UOR) is one of the feasible strategies for achieving energy-saving hydrogen production. In this work, a cactus-like nickel sulfide-lanthanum carbonate hydroxide (NiSx-LaCH) composite was synthesized on the surface of Ni foam by a hydrothermal method and sulfurization process for the first time. This cactus-like structure can significantly improve the specific surface area of the catalyst and the electrolyte accessibility. The coupling of NiSx and LaCH brought about the electron structure redistribution and enhanced the stability and conductivity. The generated synergistic effect of NiSx-LaCH/NF improved the adsorption of urea/water molecules and the intrinsic catalytic activity. It exhibited outstanding electrocatalytic performance for UOR and hydrogen evolution reaction, which can drive the current density of 100 mA cm(-2) at low potentials of 1.36 V and -0.26 V, respectively. Assembling NiSx-LaCH/NF into urea electrolysis system can reduce the cell voltage by 0.22 V compared to water electrolysis. This indicates that using UOR instead of OER could achieve energy-saving hydrogen production and has promising prospects in treating urea-rich wastewater.;10.1063/5.0279752
Hierarchical NiCoFe-LDH@GO nanosheet heterointerfaces for enhanced sustainable hydrogen generation via methanol- and urea-assisted water electrolysis;"Lee, E K; Kalusulingam, R; Shim, J H";2025;"CARBON; ELECTROCATALYSTS; EVOLUTION; Graphene oxide; LAYERED DOUBLE HYDROXIDE; Multifunctional electrocatalyst; Overall water electrolysis; Small-molecules electrolysis; Trimetallic layered double hydroxides";We report a facile hydrothermal synthesis of graphene oxide (GO)-supported trimetallic NiCoFe-layered double hydroxides (LDH), forming a NiCoFe-LDH@GO nanosheet heterostructure. This electrocatalyst features improved reaction kinetics, conductivity, and electron transport, resulting in high activity and stability in diverse electrolytes. The NiCoFe-LDH@GO electrocatalyst demonstrates effective performance in 1.0 M KOH, achieving low overpotentials of 0.138 V for the hydrogen evolution reaction and 0.287 V for the oxygen evolution reaction, along with low operating potentials of 1.372 V for the urea oxidation reaction and 1.354 V for the methanol oxidation reaction (vs. RHE). In full-cell water electrolysis, the NiCoFe-LDH@GO//NiCoFe-LDH@GO system delivers competitive voltages of 1.683 V (conventional), 1.509 V (urea-assisted), and 1.495 V (methanol-assisted). These performances are attributed to the high oxidation states of metal centers, which facilitate electron transfer, leverage the conductive GO support, and offer abundant active sites. The reduced voltages in smallmolecule-assisted electrolysis highlight improved energy efficiency and sustainability. This work proposes a cost-effective approach for designing efficient NiCoFe-LDH@GO electrocatalysts and underscores their potential in hydrogen production, value-added chemical generation, and wastewater treatment for cleaner energy solutions.;10.1016/j.jelechem.2025.119341
Boron nanoclusters endowed NiFe layered double hydroxides with efficient bifunction toward ammonia oxidation reaction and hydrogen evolution reaction;"Wang, J Y; Qing, S J; Tong, X L; Zhang, K; Luo, G N; Ding, J; Xu, L J";2023;"Ammonia oxidation reaction; Ammonia removal; B-NiFe-LDH; ELECTROCATALYSTS; ELECTROOXIDATION; ENHANCEMENT; Electronic recombination; Hydrogen evolution reaction; LDH; PERFORMANCE";Coupling ammonia oxidation reaction (AOR) and hydrogen evolution reaction (HER) provides a hybrid water splitting system to reduce the energy consumption of hydrogen production significantly, solve the safety problem of H2/O2 mixing in the overall water splitting, and remove ammonia nitrogen from wastewater. Herein, amorphous boron nanoclusters are deposited onto NiFe layered double hydroxide nanosheets (B-NiFe-LDH/NF) via in-situ electroreduction, proposed to form a bifunctional catalyst toward the AOR and HER. Since the electron-deficient boron induces surface electronic recombination of LDH and facilitates the exposure of sub-stantial high-valent Ni and Fe metal active sites, this B-NiFe-LDH/NF exhibited high activity with a voltage of 1.781 V at a current density of 100 mA cm-2, 202 mV lower than that required in overall splitting water, accompanying with 78.6% of the ammonia removal rate after 24 h of electrolysis. In addition, density functional theory (DFT) simulation indicated that the induction of boron nanoclusters decreased the energy barrier, facilitating the adsorption-desorption of ammonia and the Volmer step.;10.1016/j.apsusc.2023.158330
Enhanced hydrogen production via urea electrolysis over Ni-NiO electrodeposited on Ti mesh;"Wang, Y J; Zhu, M J; Xie, T P; Liu, S L; Wang, J K";2024;"ELECTROCATALYSTS; ENERGY; HETEROSTRUCTURE; Ni-NiO/TM; bifunctional electrocatalyst; hydrogen production; urea electrooxidation reaction";The sluggish kinetics of anodic oxygen evolution reaction (OER) is regarded as the main bottleneck for ineffective hydrogen production efficiency, limiting the industrial application of electrochemical water splitting. Substituting the OER by urea electrooxidation reaction (UOR) and simultaneously developing highly active and economical bifunctional electrocatalyst for UOR and hydrogen evolution reaction (HER) is a promising method to realize energy-saving hydrogen production and urea-rich wastewater abatement. Herein, self-supporting Ni-NiO film grown on Ti mesh (Ni-NiO/TM) was successfully prepared by a facile cathodic electrodeposition method with using nickel acetate as the only raw material. Electrodeposition process was optimized by modulating the electrodeposition time and potential. x-ray diffraction, scanning electron microscopy, transmission electron microscopy, x-ray photoelectron spectroscopy and Raman characterization revealed the optimized Ni-NiO/TM was comprised of crystalline Ni and amorphous NiO and its morphology exhibited nanosphere structure, assembled by nanosheets. Ni-NiO/TM sample prepared under the potential of -1.5 V and deposition time of 10 min illustrated the lowest UOR potential of 1.34 V at 50 mA cm(-2) and robust stability, superior to the recently reported literatures. Furthermore, the HER potential was only -0.235 V to drive the current density of 50 mA cm-2. The cell voltage of urea-assisted electrolysis for hydrogen production in Ni-NiO/TM||Ni-NiO/TM two-electrode system only required 1.56 V to deliver 50 mA cm(-2), obviously lower than that (>1.72 V) for overall water splitting. This work demonstrated the potential of Ni-based material as bifunctional electrocatalyst for energy-saving H2 production by urea-rich wastewater electrolysis.;10.1088/1361-6528/ad0243
V2O3-regulated oxygen-rich doped carbon as core-shell nanostructures for stable and efficient hydrogen generation via urea electrolysis;"Wang, Z L; Zhao, Y H; Zhang, J R; Li, Y H; Lu, Y J";2026;"Core-shell structure; ELECTROCATALYSTS; ENERGY; Energy-saving hydrogen generation; GRAPHENE OXIDE; Interfacial Engineering; NANOSHEETS; Overall urea electrolysis; VACANCIES; Vanadium( III ) oxide; WATER ELECTROLYSIS";Utilizing urea-assisted hydrogen production with favorable thermodynamic potential to replace conventional slow and energy-intensive water electrolysis offers a promising alternative for green hydrogen generation, while simultaneously treating urea-containing organic wastewater. However, the sluggish six-electron transfer kinetics of the UOR (Urea Oxidation Reaction) and the inherent proneness to deactivation of current non-noble metal catalysts severely restrict urea's application in hydrogen production. This work designed a core-shell nano-columnar electrocatalyst featuring with oxygen partial pressure regulated porous oxygen-doped amorphous carbon as the outer layer and V2O3 as the inner core (V2O3@CC). Benefiting from abundant active sites comprising defects and oxygen-functional groups in the shell layer, coupled with high porosity, the catalyst V2O3@CC exhibits exceptional catalytic activity for both the UOR and HER (Hydrogen Evolution Reaction). Furthermore, it demonstrates exceptional long-term stability (157 h @10 mA cm-2) enabled by the protective carbon coating. Additionally, an integrated water-urea electrolysis cell is further assembled, achieving an ultralow overpotential of 0.11 V (@10 mA cm-2) and maintaining 80-hour stability at high current density (50 mA cm-2). Therefore, coating the core catalytic layer with amorphous carbon achieved efficient and highly stable overall urea electrolysis.;10.1016/j.fuel.2025.137300
Electrodeposited NiCu bimetal on carbon paper as stable non-noble anode for efficient electrooxidation of ammonia;"Xu, W; Du, D W; Lan, R; Humphreys, J; Miller, D N; Walker, M; Wu, Z C; Irvin, J T S; Tao, S W";2018;"Ammonia; Anode; CATALYSTS; ELECTROCATALYTIC ACTIVITY; ELECTROLYZER; Electrooxiation; FUEL-CELLS; HYDROGEN-PRODUCTION; KINETICS; LANDFILL LEACHATE; METHANOL OXIDATION; NICKEL; NITROGEN REMOVAL; Ni-Cu bimetal; Wastewater";Electrochemical remediation of ammonia-containing wastewater at low cell voltage is an energy effective technology which can simultaneously recover energy via hydrogen evolution reaction. One of the main challenges is to identify a robust, highly active and inexpensive anode for ammonia electrooxidation. Here we present an alternative anode, prepared by electrochemical co-deposition of Ni and Cu onto carbon paper. This NiCu bimetallic catalyst is characterised by scanning electron microscope, scanning transmission electron microscope, X-ray diffraction, x-ray photoelelectron spectroscopy, cyclic voltammetry, linear sweep voltammetry and chronoamperometry techniques. The stability and activity of NiCu bimetallic catalyst are largely improved in comparison with Ni or Cu catalyst. Moreover this noble metal-free NiCu catalyst even performs better than Pt/C catalyst, as NiCu is not poisoned by ammonia. An ammonia electrolysis cell is fabricated with NiCu/carbon paper as anode for ammonia electrolysis. The influences of pH value, applied cell voltages and initial ammonia concentration on cell current density, ammonia removal and energy efficiency are tested. An ammonia removal efficiency of similar to 80% and coulombic efficiency up to similar to 92% have been achieved. Ni-Cu bimetal on carbon paper is a stable non-noble anode for efficient electrooxidation of ammonia. (C) 2016 The Authors. Published by Elsevier B.V.;10.1016/j.apcatb.2016.11.003
Markedly enhanced hydrogen production in wastewater via ammonia-mediated metal oxyhydroxides active sites on bifunctional electrocatalysts;"Zhang, Y Z; Ma, D L; Lei, Y G; Zhu, T X; Hu, J; Tang, Y; Chen, Z; Huang, J Y; Lai, Y K; Lin, Z Q";2023;"Ammonia oxidation reaction (AOR); CoOOH; FOAM; H-2; Hydrogen generation; OXIDATION; Oxygen evolution reaction (OER); Water splitting";The ability to substitute oxygen evolution reaction (OER) in water splitting with ammonia oxidation reaction (AOR) represents an important endeavor in producing high-purity hydrogen with the lowered energy consumption. Due to the reduced overpotential of AOR over OER and preventing the hydrogen and oxygen mixing and thus possible explosion. Herein, we report the substitution of slow-kinetics OER with AOR to effectively boost hydrogen evolution reaction (HER) of wastewater electrolysis, thereby rendering energy saving as well as decontamination of ammonia (NH3) in wastewater. Three-dimensional CoS@NiCu electrodeposited on Ni foam is employed as self-supporting bifunctional electrocatalysts for both AOR and HER. The XPS and in-situ Raman studies reveal the generation of electrocatalytically active cobalt oxyhydroxide (CoOOH) on CoS@NiCu during the course of AOR. Interestingly, the density functional theory (DFT) calculation unveils that NH3 preferentially adsorbing on the surface of electrocatalyst prolongs the Co-S bond length, thus promoting the bond cleavage and accelerating the formation of active CoOOH species. Moreover, the rate-determining step of AOR according to the Gerischer-Mauerer (G-M) mechanism only has a 1.79 eV energy barrier to overcome. The electrochemical impedance spectroscopy investigation suggests that the AOR enables an enhanced interfacial charge transfer. As such, the hydrogen evolution rate of the AOR-HER system reaches 41.9 mu mol h-1, representing 3.2-fold increase in hydrogen production over the conventional OER-HER water splitting. This study highlights a promising perspective of integrating AOR with HER to synergize efficient hydrogen production.;10.1016/j.nanoen.2023.108896
Efficient hydrogen recovery with CoP-NF as cathode in microbial electrolysis cells;"Liang, D D; Zhang, L J; He, W H; Li, C; Liu, J F; Liu, S Q; Lee, H S; Feng, Y J";2020;"ALKALINE; CATALYSTS; Cobalt phosphate nickel foam; ELECTROCATALYST; ELECTROCHEMICAL EVALUATION; EVOLUTION; Energy balance analysis; Energy efficiency; FUEL-CELLS; Hydrogen recovery; LAYERED-DOUBLE-HYDROXIDES; Microbial electrolysis cell; PERFORMANCE; REDUCTION; WASTE-WATER TREATMENT";The emerging microbial electrolysis cell (MEC) is of great potential for energy recovery from wastewater as hydrogen, while the application of MECs required cost-effective, scalable cathodes. Here, the phosphating cobalt (CoP) acicular nanoarray in-situ growing on a 3D commercial nickel foam (NF) matrix without binder demonstrated outstanding electrocatalytic activity. The nano-CoP coated NF (CoP-NF) was assessed for hydrogen recovery performance in MEC. In electrochemical testing, the CoP-NF demonstrated comparable performance to a commercial Pt/C catalyst in linear scan voltammetry tests. The lower Tafel slope of 175.4 mV dec(-1) in 1 M phosphate buffer electrolyte indicated more favorable electrochemical kinetics of CoP-NF than commercial Pt/C. The CoP-NF demonstrated higher electrochemical active surface area of electrode-liquid interface for its acicular nano-structure, while the smaller charge transfer resistance of CoP-NF suggested the faster electron transfer rate and catalytic activity of hydrogen evolution reaction. An improved hydrogen production rate of 222 +/- 20.3 mL H-2 L-1 d(-1) at 0.7 V applied voltage in fully assembled MECs was achieved for the outstanding hydrogen evolution performance of CoP-NF cathode, which was 3-fold superior to bare NF and even better than the Pt/C. The energy efficiency based on input electricity in the MECs equipped with the CoP-NF (90 +/- 6.5%) was increased to twice as much as that Pt/C based cathodes. Long-term operation tests of MECs confirmed the superior stability of CoP-NF as an effective cathode in MECs for hydrogen production, suggesting its potential possibility in practical application.;10.1016/j.apenergy.2020.114700
Modulating valence states of Ni and Mo in hierarchical NiSx-MoS2/rGO heterostructures for energy-efficient urea-assisted hydrogen production;"Wang, X Y; Lv, H Y; Hu, X Y; Lu, Y F; Hou, L; Geng, W Q; Gao, F M";2027;"CATALYSTS; COMPOSITE; High valence state; Hydrogen evolution reaction; INTERFACE; NiMo-based catalyst; Urea electrolysis; Urea oxidation reaction";Coupling urea oxidation reaction (UOR) with hydrogen evolution reaction (HER) is an efficient technique for energy-saving hydrogen production and urea-rich wastewater purification, but the lack of cost-effective electrocatalysts hinders its extensive application. High-valent species have been widely regarded as essential active centers in electrochemical oxidation. Herein, a zero-/two-dimensional (0D/2D) hierarchical NiSx-MoS2/rGO nanohybrid was deliberately synthesized, in which MoS2 nanosheets grown with ultra-dispersed NiSx nano-particles were homogeneously distributed on the conductive reduced graphene oxide (rGO) substrate. Notably, the valence states of Ni and Mo in NiSx-MoS2/rGO can be precisely modulated through gas-selected (Ar and Ar/ H2) in-situ annealing sulfurization. As expected, NiS2-MoS2/rGO (Ar), with enriched high-valence Ni3+ species induced by Mo6+, possesses remarkable UOR behavior, reflected by high activity (1.309 V at 10 mA cm-2) and rapid kinetics (22 mV dec-1). Conversely, the low-valent Ni2+ and Mo4+ synergism accounts for the excellent HER activity of NiS-MoS2/rGO (Ar/H2). Impressively, the NiS2-MoS2/rGO (Ar)||NiS-MoS2/rGO (Ar/H2) urea-assisted water electrolyser realizes a rather low cell voltage of 1.53 Vat 100 mA cm-2, representing a substantial 206 mV reduction compared to conventional water electrolysis, along with satisfied stability for 100 h without significant activity degradation. This work provides a feasible strategy to design advanced NiMo-based catalysts through metal valence-state regulation toward urea-assisted H2 production.;10.1016/j.fuel.2026.139998
Revealing the In Situ Evolution of Tetrahedral NiMoO4 Micropillar Array for Energy-Efficient Alkaline Hydrogen Production Assisted by Urea Electrolysis;"Yin, Z H; Huang, Y; Jiang, L W; Meng, C; Wu, Y Z; Liu, H; Wang, J J";2023;"BETA-NIMOO4; CATALYSTS; ELECTROCATALYSTS; ELECTRONIC-STRUCTURE; Ni2P; NiMoO4; OXIDATION; OXYGEN EVOLUTION; SURFACE; TEMPERATURE; hydrogen evolution reaction; self-reconstructions; urea oxidation reaction";The great promise of the combination of urea oxidation reaction (UOR) with hydrogen evolution reaction (HER) to simultaneously achieve wastewater treatment and hydrogen production calls for the rational design of high-performance electrocatalysts. Herein, the reconstruction with the formation of Ni2P and Mo2O72- on the surface can largely enhance the alkaline HER activity of P-NiMoO4 by on-site electrochemical activation strategy. Systematic experimental results indicate that the reconstruction process enables the exposure of additional Ni sites and the adjustment of hydrogen adsorption to facilitate HER kinetics. Ultimately, a highly efficient alkaline HER electrode with low overpotential of -48.9 mV for 10 mA cm(-2) is achieved. More importantly, a UOR electrolyzer assembled with A-P-NiMoO4 as the cathode and P-NiMoO4 as the anode exhibits impressive performance with a small cell voltage of 1.363 V for 10 mA cm(-2). The application of the fabricated electrodes in a practical cell driven by a commercial dry battery (1.5 V) demonstrates efficient and stable hydrogen production, making the developed strategy promising for the rational design of highly active electrocatalysts for green hydrogen production.;10.1002/sstr.202300028
WO3-based electrodes fabricated by plasma electrolytic oxidation (PEO) for coupled hydrogen production and organic pollutant removal;"Fabbrizio, V; Czekanowska, D; Castellon, E R; Gluchowski, P; Blawert, C; Serdechnova, M; Bernasconi, R; Falletta, E";2026;"AL; COATINGS; DEGRADATION; DOPED-CARBON; EFFICIENCY; ELECTROCATALYSTS; ELECTROCHEMICAL OXIDATION; EVOLUTION REACTION; Green hydrogen production; Hydrogen evolution reaction (HER); LAYERED DOUBLE HYDROXIDE; Organic pollutants electrooxidation; Plasma electrolytic oxidation (PEO); WASTE-WATER; WO3-based cathodes";The integration of green hydrogen production with wastewater treatment is a promising strategy for addressing the dual challenges of clean energy generation and environmental remediation. Herein, we propose an innovative class of noble metal (Pt, Pd, Ru, etc.)-free cathodes based on tungsten trioxide (WO3), fabricated via plasma electrolytic oxidation (PEO) on affordable aluminum substrates. The PEO process produced porous, adherent, and compositionally complex coatings of mixed crystalline/amorphous WO3 with embedded W0, providing low-cost and scalable electrodes for the hydrogen evolution reaction (HER), which is also effective in water containing organic contaminants. The structural and surface analyses established a clear structure property relationship, correlating WO3 content and PEO-induced morphology with both hydrogen evolution and pollutant degradation efficiency, while the electrochemical characterization revealed that both increased WO3 loading and Zn-Al layered double hydroxide functionalization improved charge transfer and HER activity. A15W, selected as the best-performing cathode, achieved up to 1 mmol cm- 2 H2 generation in acidic water contaminated with model organic molecules (rhodamine B, gallic acid, and 3,4,5-trimethoxybenzoic acid), promoting at the same time pollutants electrooxidation (40-100% abatement depending on the reaction conditions). These findings highlight the potential WO3-based electrodes as promising, low-cost alternatives to Pt for integrated hydrogen production and wastewater treatment.;10.1016/j.ijhydene.2026.154135
Coupling sulfion oxidation with hydrogen evolution via an amorphous NiMo sulfide for energy and resource recovery;"Zhang, Z K; Li, J N; Gu, G Y; Li, Y; Liu, A M; Tao, E; Peng, C";2026;"Amorphous; Electrocatalysis; Hydrogen evolution reaction; Low energy consumption; Sulfion oxidation reaction; Valorization; Water splitting";Replacing the oxygen evolution reaction (OER) with the sulfion oxidation reaction (SOR) offers an attractive route for energy-saving hydrogen production and sulfion-containing wastewater valorization. However, the sulfur-induced catalyst corrosion and passivation greatly hinder SOR efficiency. Herein, an amorphous nickel molybdenum sulfide grown on nickel foam (NiMo-S/NF) was developed as a robust bifunctional electrocatalyst for both SOR and hydrogen evolution reaction (HER). The amorphous structure provides abundant unsaturated active sites and facilitates reactant access. The electronic interplay between Ni and Mo modulates the electronic environment of Ni sites, resulting in optimized electronic structures and accelerated reaction kinetics. For SOR, only 0.45 f 0.02 V (vs. RHE) was required to achieve the current density of 500 mA cm- 2 and maintain a longperiod stability over 120 h at 100 mA cm- 2. Moreover, coupling HER and SOR in a two-electrode flow electrolyzer, a cell voltage of merely 0.91 f 0.01 V is enough to drive the current density of 500 mA cm- 2, yielding high and stable production rates of approximately 180.54 f 1.01 g h- 1 m- 2 for sulfur and 145.09 f 0.29 g h- 1 m- 2 for H2, respectively. This work well demonstrates the promise of amorphous bimetallic sulfides in the integrated energy and resource recovery systems from the sulfion-containing wastewater.;10.1016/j.jcis.2026.140376
Laser-Shocked RuO2-FeCo2O4 Interface for Ultralow-Voltage Hydrazine Splitting and Autonomous Hydrogen Production;"Ahn, H; Senthil, R A; Jung, S; Kumar, A; Ubaidullah, M; Choi, M Y";2026;"CARBON; CO2 laser-induced thermal shock; COOOH; ELECTRODE; EVOLUTION REACTION; PHASE; Zn-hydrazine battery; autonomous H2 production; in situ/ex situ characterization; theoretical DFT insights";Herein, a hetero-interfaced RuO2-FeCo2O4 composite synthesized via a rapid thermal-shock strategy using continuous-wave CO2 laser irradiation is reported. The RuO2-FeCo2O4 composite exhibits outstanding bifunctional activity, with a low overpotential of 50 mV for the hydrogen evolution reaction (HER) and an ultralow oxidation potential of -21 mV versus RHE for the hydrazine oxidation reaction (HzOR) at 10 mA cm-2. Consequently, an overall hydrazine splitting (OHzS) employing this composite requires merely 0.109 V at 10 mA cm-2, while maintaining excellent long-term stability and complete N2H4 degradation. Comprehensive in situ and ex situ analyses reveal that surface reconstruction plays a critical role in enhancing the catalytic performance of HER and HzOR. Density functional theory calculations further confirm that RuO2 optimizes electronic structure and adsorption energies of key intermediates, promoting reaction kinetics. Additionally, a Zn-hydrazine battery with the RuO2-FeCo2O4 cathode achieves a high energy efficiency of 91% and sustained operation over 200 h. Integration of this battery with the OHzS electrolyzer establishes a fully autonomous platform for continuous H2 generation. This study underscores the versatility of CO2 laser-induced thermal-shock synthesis and the synergistic catalytic behavior of the RuO2-FeCo2O4 composite for energy-efficient H2 production and hydrazine-based wastewater remediation.;10.1002/smll.202513551
Mathematical model of a parallel plate ammonia electrolyzer for combined wastewater remediation and hydrogen production;"Estejab, A; Daramola, D A; Botte, G G";2015;"ADSORPTION; ANODIC-OXIDATION; Ammonia electrolysis; ELECTROCATALYTIC OXIDATION; ELECTRODES; ELECTROOXIDATION KINETICS; EVOLUTION REACTION; Hydrogen production; NICKEL; PLATINUM CLUSTERS; PT(100) SITES; Waste-energy recovery; Wastewater remediation; Water deammonification; Water-energy nexus";A mathematical model was developed for the simulation of a parallel plate ammonia electrolyzer to convert ammonia in wastewater to nitrogen and hydrogen under basic conditions. The model consists of fundamental transport equations, the ammonia oxidation kinetics at the anode, and the hydrogen evolution kinetics at the cathode of the electrochemical reactor. The model shows both qualitative and quantitative agreement with experimental measurements at ammonia concentrations found within wastewater (200-1200 mg L-1). The optimum electrolyzer performance is dependent on both the applied voltage and the inlet concentrations. Maximum conversion of ammonia to nitrogen at the rates of 0.569 and 0.766 mg L-1 min(-1) are achieved at low (0.01 M NH4Cl and 0.1 M KOH) and high (0.07 M NH4Cl and 0.15 M KOH) inlet concentrations, respectively. At high and low concentrations, an initial increase in the cell voltage will cause an increase in the system response - current density generated and ammonia converted. These system responses will approach a peak value before they start to decrease due to surface blockage and/or depletion of solvated species at the electrode surface. Furthermore, the model predicts that by increasing the reactant and electrolyte concentrations at a certain voltage, the peak current density will plateau, showing an asymptotic response. (c) 2015 Elsevier Ltd. All rights reserved.;10.1016/j.watres.2015.03.013
Coupling urea wastewater treatment with hydrogen production using interface-engineered copper oxide-graphitic carbon catalysts;"Veeramani, K; Surendran, S; Choi, D; Jo, C; Lim, Y; Moon, D J; Jeong, G H; Lee, D; Bae, H; Lee, K H; Park, H; Park, H J; Kang, J G; Sim, U K";2026;"BIFUNCTIONAL ELECTROCATALYSTS; COMPOSITES; CuO/GC; EFFICIENT; FOAM; Hybrid water electrolyser; Hydrogen production; Interfacial engineering; OXIDATION; OXYGEN EVOLUTION REACTION; PERFORMANCE; REDUCTION; Urea electrolysis";The simultaneous remediation of urea-rich wastewater and production of hydrogen fuel represents a promising route toward sustainable energy and environmental management. Here, we demonstrate an interface-engineered copper oxide-graphitic carbon (CuO/GC) hybrid as a bifunctional electrocatalyst for efficient urea electrolysis. The optimized CuO/GC electrode achieves current densities of 10 mA cm-2 at 154 mV for the hydrogen evolution reaction (HER) and 1.33 V for the urea oxidation reaction (UOR) versus the reversible hydrogen electrode. In a two-electrode full-urea electrolysis system, CuO/GC delivers 100 mA at 1.65 V and operates stably for over 100 h at an applied cell voltage of 1.7 V. Electrochemical impedance and double-layer capacitance analyses reveal accelerated interfacial charge transfer and an enhanced electrochemical surface area, underscoring the significance of the CuO-GC interface in promoting reaction kinetics. This study highlights the potential of interface-engineered copper-based hybrids for coupling urea wastewater treatment with low-energy hydrogen generation toward integrated environmental-energy technologies.;10.1016/j.envres.2026.124419
Interfacial Acid-Like Microenvironment and Orbital Modulating Strategy toward Efficient Hydrogen Evolution in Neutral High-Salinity Wastewater/Seawater;"Xu, L N; Li, W; He, K C; Ma, D M; Ma, J X; Yang, K; Ahmad, A; Cheng, F L; Lv, S H; Xing, D F";2025;"CATALYSTS; ELECTROCATALYSTS; ELECTROLYTIC HYDROGEN; HYDROXIDE; METAL; OXIDATION; OXIDE; OXYGEN; WATER; WO3; electrocoagulations; high-salinity wastewater; hydrogen evolution reaction catalysts; hydrogen productions; wastewater treatments";Electrochemical high-salinity wastewater splitting is a promising technology for green hydrogen (H2) production. However, the kinetics of hydrogen evolution reaction (HER) in neutral media is slow, and the high theoretical potential of oxygen evolution reaction leads to large energy losses. Herein, an iron-based electrocoagulation-coupled hydrogen production integrated system (IEHPS) is constructed, which is realized by coupling low-potential anodic iron oxidation reaction with cathodic HER. The non-noble metal HxWO3-Ni catalyst is synthesized by fabricating a proton sponge HxWO3 to achieve an interfacial acid-like microenvironment and doping it with Ni heteroatom to modulate the 4d orbital of W, thereby weakening the adsorption strength of the W site toward hydrogen. Consequently, the HxWO3 Ni demonstrates remarkable performance characteristics, boasting a mere 131 mV overpotential at 10 mA cm-2 and Tafel slope of 44 mV dec- in neutral media. Operating at an applied voltage of 1.5 V, the IEHPS exhibits a high hydrogen production rate of 235 mL g-1 min-1 in seawater. It achieves nearly complete removal of contaminants like rhodamine B and heavy metal ions within a rapid 8-20 min, with an energy consumption of only 3.7 kWh Nm-3. This study provides a promising pathway for efficient and energy-saving production of high-purity hydrogen and effective treatment of high-salinity wastewater. The HxWO3-Ni catalyst is synthesized by constructing an interfacial acid microenvironment and introducing Ni heteroatom. Then, the anodic iron oxidation reaction and cathodic hydrogen evolution reaction are coupled to construct the iron-based electrocoagulation-coupled hydrogen production system (IEHPS), which achieves efficient ecofriendly H2 while purifying wastewater/seawater simultaneously.image (c) 2024 WILEY-VCH GmbH;10.1002/sstr.202400398
Integrated renewable H2 production and industrial wastewater treatment using a semi-pilot scale flow electrolyzer;"Sgarbi, R; Mandelli, C M; Ruotolo, L A M";2025;"DEGRADATION; ELECTROCHEMICAL OXIDATION; Electrochemical reactor; Green hydrogen production; Kinetics; PHENOL; Phenol electrooxidation; Real effluent; SIMULTANEOUS HYDROGEN-PRODUCTION";Integration of mandatory wastewater treatment with renewable H2 production has been explored as a costreduction strategy, by trading the generated H2 as feedstock to relevant industries. A semi-pilot scale flow electrolyzer, innovatively designed for this purpose, demonstrated promising performance. Both the cathodic hydrogen evolution reaction and the anodic organic electrooxidation were investigated under two sets of operational conditions: (i) temperature, current density, and conductivity, and (ii) membrane type, and catholyte concentration. Thereupon, it is observed that a highly conductive, alkalinized catholyte, in combination with a low-cost anion exchange membrane, enhances both reactions by amplifying conductivity, promoting OH- ion transport, and accelerating anode kinetics. Furthermore, the electrolyzer successfully treated industrial wastewater while simultaneously producing renewable H2 with low CO2 emissions: 2.0 kgCO2 kgH2 cost was mainly influenced by electricity prices, ranging from 2.7 to 15.7 US$ kgH2;10.1016/j.cej.2025.160547
Charge allocation and mass transfer efficiency during hydrogen evolution reaction in high salinity neutral electrolyte;"Chen, T; An, N; Gupta, D; Chen, N; Li, M; Liu, T; Zhang, B; Hu, W; Feng, C";2026;"Article; Charge allocation; Density functional theory; Dissociation; Efficiency; Electrodes; Electrolytes; Electrolytic reduction; Faradaic efficiencies; Gas adsorption; High salinity; High salinity wastewaters; High-salinity neutral electrolyte; Hydrogen; Hydrogen evolution reaction; Hydrogen evolution reactions; Hydrogen production; Kinetics; Mass transfer; Mass transfer efficiency; Mass-transfer efficiencies; Neutral electrolytes; Nickel; Nickel compounds; Nickel foam; Oxidation-Reduction; Perturbation techniques; Redox reactions; Salinity; Sodium chloride; Sodium sulfate; Steric hindrance; Steric hindrances; Sulfur compounds; Wastewater; X ray photoemission spectroscopy; chemistry; chloride; chlorine; conductance; controlled study; density functional theory; electrode; electrolysis; electrolyte; electron; energy dispersive X ray spectroscopy; field emission scanning electron microscopy; gas chromatography; hydrogen; hydrogen evolution reaction; hysteresis; kinetics; mass transfer; nickel; nitrate; oxidation; oxidation reduction reaction; pore size; probability density function; reaction kinetics; reduction (chemistry); salinity; sodium chloride; stereospecificity; sulfate; ultraviolet visible spectrophotometry; waste water management; wastewater; wastewater treatment; water; water splitting";Hydrogen production from high-salinity wastewater offers a pivotal strategy for carbon neutrality but is hindered by complex matrix effects in neutral media that create unfavorable interfacial microenvironments. This study systematically investigates hydrogen evolution reaction (HER) charge allocation and mass transfer mechanisms in distinct electrolyte matrices (SO42?, NO3?, and Cl?) using nickel foam (NF) electrodes. The results revealed a distinct electrode porosity dependence, wherein 80 PPI NF demonstrated superior activity, attributed to abundant active sites and active species formed in situ on the electrode surface that promote water dissociation. Critically, the Na2SO4 system yielded optimal catalytic performance with a Faradaic efficiency (FE) of 93.8% and exceptional durability (retaining 96.8% yield). This performance was driven by negligible kinetic competition, unlike other matrices in which cathodic charge utilization was compromised by competitive parasitic pathways and steric hindrance. In contrast, the NaNO3 system performance was compromised by thermodynamic nitrate electro-reduction, while NaCl system suffered drastic degradation (FE dropped to 66.7%) due to parasitic electron scavenging via active chlorine redox shuttling and oxidative electrode etching. Density functional theory (DFT) calculations further corroborate that SO42? imposed minimal electronic perturbation on Ni (111), whereas Cl? induced an upward D-band center shift, leading to excessive hydrogen adsorption and kinetic suppression. Collectively, these findings elucidate matrix-dependent regulatory mechanisms, providing a mechanistic basis for optimizing charge allocation in the efficient conversion of high-salinity wastewater into hydrogen. © 2026 Elsevier Ltd;10.1016/j.watres.2026.125849
Robust amorphous iron (II) diphosphate on nickel foam: Aggrandizing electronic structure for efficient catalytic activity towards oxygen evolution and urea oxidation;"Srivastava, R; Chaudhary, H; Kumar, A; de Souza, F M; Mishra, S R; Perez, F; Pham, P V; Gupta, R K";2024;"Amorphous iron; Anodic oxidation; Carbon footprint; Catalyst activity; Catalytic oxidation; Charge transfer; Clean energy; Cobalt compounds; Cobalt pyrophosphate; Electrocatalysts; Electronic structure; Electronic.structure; Hydrogen production; Iron compounds; Iron pyrophosphate; Iron pyrophosphates; Metabolism; Nickel foam; Nickel pyrophosphate; Oxidation reactions; Oxygen; Oxygen evolution; Oxygen evolution reaction; Urea; Urea oxidation reaction";The few intuitive challenges are the high clean energy demand, the dire need for sustainable development, and low carbon footprints. Thereby, the wastewater rich in urea from sanitary units, and industries are subjected to produce green energy as a source for hydrogen through waste water-splitting. Thus, anodic reaction in electrochemical hydrogen production is the most widely promoted towards oxygen evolution reaction (OER) and urea oxidation reaction (UOR). However, both possess sluggish kinetics which need to be improved. Therefore, the development of novel materials that can meet the demands of both reaction mechanisms is highly required. Herein, Fe2P2O7-based composite grown on the conductive substrate can effectively enhance the electrical transportation of ions during electrocatalytic activity. The experimental and theoretical investigations are adopted to get a comprehensive insight and understanding of the catalytic nature of the as-prepared samples. Compared with other as-synthesized materials, Fe2P2O7 exhibits splendid performance with a low onset potential of 1.482 and 1.317 V (vs RHE) to obtain a current density of 10 mA/cm2 towards the OER and UOR process, respectively. The low Tafel slope and high turnover frequency offer low resistance during charge transfer. Additionally, greater ECSA and roughness factors enrich the attributes of Fe2P2O7 and offer more active sites for reaction to be held, producing a higher amount of gas bubbles. Hence, improved electrical conductivity, low charge transfer resistance, more electrochemical active surface area, and impressive durability reconfirm the Fe2P2O7 as an effective catalyst. © 2024 Hydrogen Energy Publications LLC;10.1016/j.ijhydene.2024.03.091
NiFe nanosheets as urea oxidation reaction electrocatalysts for urea removal and energy-saving hydrogen production;"Diao, Y; Liu, Y; Hu, G; Zhao, Y; Qian, Y; Wang, H; Shi, Y; Li, Z";2022;"Article; Binary alloys; Biosensing Techniques; Catalyst activity; Electrocatalysts; Electrodes; Electrolysis; Electrolytes; Electrolytic hydrogen production; Electronic structure; Electronics; Energy  savings; Energy depletion; Energy utilization; Energy-savings; Hydrogen production; Iron alloys; Metabolism; Nanosheets; NiFe nanosheets; Nife nanosheet; Oxidation; Oxidation reactions; Performance; Reaction kinetics; Urea; Urea oxidation reaction; Urea removal; Urea removals; Urea-rich wastewaters; Wastewater treatment; X ray diffraction; catalyst; chemical composition; concentration (parameter); electrochemical analysis; electrolysis; electron transport; electronics; energy conservation; foam; genetic procedures; hydrogen; iron; nanosheet; nickel; oxidation; porosity; scanning electron microscopy; surface area; urea; waste water management";The preparation of high-performance electrocatalysts is a breakthrough to solve the increasingly prominent problems of environmental degradation and energy depletion. Urea oxidation reaction (UOR) plays a vital role in treating urea-rich wastewater and assisting hydrogen production with low energy consumption. To alleviate the sluggish intrinsic reaction kinetic barrier of six-electron transfer involved in UOR, we develop a NiFe ultra-thin two-dimensional nanosheet array supported on nickel foam as UOR electrocatalyst by one-step hydrothermal method. Benefiting from the in-situ synthesis strategy, abundant mesoporous structure, and the electronic structure change of Ni after the introduction of Fe, NiFe nanosheets (NiFe NSs) exhibit remarkable UOR catalytic activity and excellent long-term stability. Moreover, we assemble a two-electrode electrolytic cell with NiFe NSs/NF as the anode. The results show that the cell voltage of urea assisted water electrolysis for hydrogen production decreased by 15.2% rather than the regular water splitting, as well as that the urea concentration in electrolyte is degraded 55.6% after electrolysis for 36 h at 1.70 V. This work indicates a feasibility verification for the electrocatalytic removal of urea in wastewater treatment, and an efficient and energy-saving method for urea-assisted electrolytic hydrogen production based on NiFe nanosheets. © 2022 Elsevier B.V.;10.1016/j.bios.2022.114380
Progress toward a better understanding of the urea oxidation by electromediation of Ni(III)/Ni(II) system in alkaline media;"Hopsort, G; Carmo, D P D; Latapie, L; Loubière, K; Serrano, K G; Tzedakis, T";2023;"Activation energy; Alkaline media; Anodic oxidation; Charge transfer; Current treatments; Decoupling mechanism; Decoupling mechanism step; Decoupling mechanism steps; Degradation by-products; Degradation byproducts; Electrodes; Electrolytes; Electrooxidation; Electrooxidations; Hydrogen production; Kinetic parameters; Kinetics parameter; Mediation of Ni<sup>(III)</sup>/Ni<sup>(II)</sup>; Mediation of ni(III)/ni(II); Metabolism; Nitrogen oxides; Operating parameters; Rate constants; Rotating disks; Urea; Urea electro-oxidation; Wastewater treatment";Current treatments of wastewater containing urea are energy intensive and release significant quantities of gaseous nitrous oxide. The anodic oxidation of urea by electromediation of Ni(III)/Ni(II) system in alkaline media is a promising alternative: the nitrogenous pollution is decreased while producing hydrogen at the cathode. Firstly, this study aims to deeply investigate the phenomena occurring at the interface, between electrode and electrolyte, in particular by proposing an original methodology enabling to separately study both steps,i.e. the Ni(II) electro-oxidation and the subsequent indirect heterogeneous urea oxidation. Indeed, the variation the potential scan rate, enables (i) to study the effect of the operating parameters (concentration, temperature, angular velocity of a rotating disk electrode) on the rate of each mechanism step, and to (ii) determine key parameters of the overall process (activation energy, diffusion coefficient, anodic charge transfer coefficient and heterogeneous electron transfer rate constant). In a second time, results of urea electrolysis exhibiting high (? 80%) urea conversions, carried out at laboratory scale (1.4 g of urea) are discussed. The effect of some operating parameters (alkalinity, temperature, presence of an anionic separator or not) is examined, thanks to a set of analytical methods developed to establish complete mass balances of the products on the liquid phase. Cyanate, ammonium, carbonate and nitrite ions are identified to represent more than 80 % of the destroyed urea. Their respective quantities appear to be dependent of the operating conditions. This study constitutes an essential preliminary step before designing urea electrochemical process operating at larger scale. © 2023 Elsevier Ltd;10.1016/j.electacta.2023.141898
Promotion of Phenol Electro-oxidation by Oxygen Evolution Reaction on an Active Electrode for Efficient Pollution Control and Hydrogen Evolution;"Qin, H; Wei, X; Ye, Z; Liu, X; Mao, S";2022;"Active anode; Anodes; Article; Binary alloys; Biodegradation; Chemicals removal (water treatment); Degradation; Electrodes; Electrolysis; Electrolysis systems; Electrolyzers; Electrooxidation; Hybrid electrolyze; Hydrogen; Hydrogen evolution reactions; Hydrogen-evolution; Iron alloys; Mass transfer; Oxygen; Phenol; Phenol concentration; Phenol degradation; Phenol electro-oxidation; Phenols; Pollution control; Titanium; Waste Water; Waste treatment; Water Pollutants, Chemical; Water electrolysis; X ray photoemission spectroscopy; active anode; catalyst; chemical reaction; chemical reaction kinetics; chronoamperometry; controlled study; crystal structure; current density; degradation; dissolution; electrochemistry; electrode; electrokinesis; electron transport; hybrid electrolyzer; hydrogen; hydrogen evolution; hydrogen evolution reaction; instrumentation; oxidation; oxygen; oxygen enhancement ratio; oxygen evolution; oxygen evolution reaction; phenol; phenol degradation; phenol derivative; platinum electrode; pollution control; qualitative analysis; scanning electron microscopy; titanium; valence (chemistry); wastewater; water pollutant";We report an electrolysis system using NiFe layered double hydroxide/CoMoO4/nickel foam (NFLDH/CMO/NF) as the anode and CMO/NF as the cathode for simultaneous phenol electro-oxidation and water electrolysis. This system shows high performance for both phenol degradation and hydrogen evolution. We demonstrate that the degradation rate of phenol on the active anode is governed by the mass transfer rate at a low phenol concentration (0.5-2 mM) and by the electro-oxidation rate at a high phenol concentration (5 mM). The anodic oxygen evolution reaction (OER) can promote the phenol degradation through enhanced mass transfer efficiency. More importantly, the common deactivation issue of phenol electro-oxidation on the inert anode can be eliminated by the high OER activity of the active anode. The constructed full electrolytic cell only needs a low potential of 1.498 V to achieve 10 mA/cm2for water electrolysis. The reported promotion effect of phenol degradation by OER as well as the improved anode resistance to deactivation offer new insights into efficient and robust waste-to-resource electrolysis system for water treatment. © 2022 American Chemical Society. All rights reserved.;10.1021/acs.est.1c08338
PEO-PPO-PEO induced holey NiFe-LDH nanosheets on Ni foam for efficient overall water-splitting and urea electrolysis;"Chen, L; Wang, H; Tan, L; Qiao, D; Liu, X; Wen, Y; Hou, W; Zhan, T";2022;"Article; Bifunctional electrocatalysts; Binary alloys; Catalyst activity; Catalytic oxidation; Electrocatalysts; Electrodes; Electrolysis; Holey NiFe layered double hydroxide nanosheets; Holey nife layered double hydroxide nanosheet; In-situ preparations; Iron alloys; Layered double hydroxide nanosheets; Metabolism; Nanosheets; Ni foam; Nickel; Oxidation reactions; Oxygen; Oxygen evolution reaction; Oxygen vacancies; PEO-PPO-PEO; Performance; Polyethylene Glycols; Potassium hydroxide; Propylene Glycols; Urea; Urea electrolyse; Urea electrolysis; Urea oxidation reaction; Water; Water splitting; Water-splitting; catalysis; catalyst; chemical reaction kinetics; controlled study; current density; electrochemistry; electrolysis; electrolyte; foam; hydrogen evolution; hydroxide; iron; macrogol; nanosheet; nickel; oxidation; oxygen; oxygen evolution; potassium hydroxide; propanediol derivative; propylene oxide; surface area; urea; waste water management; water";Exploring the transition-metal-based bifunctional electrocatalysts with high performance for efficient water-splitting and urea electrolysis is significant but challenging. This work presents the in situ preparation of holey NiFe-LDH nanosheets on Ni foam (H-NiFe-LDH/NF) via a one-step hydrothermal method in the presence of PEO-PPO-PEO as the soft template. The holey NiFe-LDH nanosheets provide a high electrochemical surface area, more edge catalytic sites, and abundant oxygen vacancies. Consequently, H-NiFe-LDH/NF exhibits excellent catalytic activity to oxygen evolution, urea oxidation, and hydrogen evolution reactions (OER, UOR, and HER) with good stability in alkaline electrolytes. This electrode requires an overpotential of 261 mV for the OER, a potential of 1.480 V for the UOR to achieve a current density of 100 mA cm?2 in alkaline solutions. By employing the self-supported electrode as both the anode and cathode, this electrolysis cell (H-NiFe-LDH/NF||H-NiFe-LDH/NF) gains current densities of 10 and 100 mA cm?2 at low cell voltages of 1.575 and 1.933 V in the 1.0 M KOH solution. After adding 0.33 M urea, the voltages to deliver 10 and 100 mA cm?2 respectively decrease to 1.418 and 1.691 V. The H-NiFe-LDH/NF electrode also shows excellent stability for water-splitting and urea electrolysis. This work not only contributes to developing a low-cost, high-efficiency, bifunctional electrocatalyst but also provides a practically feasible approach for urea-rich wastewater electrolysis. © 2022 Elsevier Inc.;10.1016/j.jcis.2022.03.072
Boosting hydrogen production via urea electrolysis on an amorphous nickel phosphide/graphene hybrid structure;"Tong, Y; Chen, L; Dyson, P J; Fei, Z";2021;"Amorphous catalysts; Bi-functional catalysts; Catalyst activity; Catalytic active sites; Catalytic oxidation; Efficient catalysts; Electrolysis; Energy conservation; Graphene nanosheets; Hydrogen production; Intrinsic activities; Metabolism; Nickel compounds; Oxidation reactions; Phosphorus compounds; Reaction kinetics; Urea; Wastewater purification";Overall urea electrolysis has favorable thermodynamic properties and can complement traditional water splitting by simultaneously purifying urea-rich waste streams. However, the kinetics of the reaction is slow and more efficient catalysts are required. In this work, we describe a facile way to fabricate amorphous nickel phosphides on graphene nanosheets (a-Ni2P/G), which shows high efficient performance for overall urea electrolysis. The a-Ni2P/G catalyst has abundant surface area for abundant catalytic active sites and high proportion of Ni3+ active sites, realizing a superior intrinsic activity for both hydrogen evolution reaction (HER) and urea oxidation reaction (UOR). Impressively, the a-Ni2P/G catalyst requires only much lower potentials of 1.28 V and ? 0.1 V for UOR and HER at 10 mA cm?2. The assembled a-Ni2P/G?a-Ni2P/G electrolyzer needs a small cell voltage of 1.39 V to deliver the current density of 10 mA cm?2. This work highlights a promising pathway to develop a cost-efficient catalyst for energy-saving H2 generation combined with waste water purification. Graphical abstract: A highly efficient amorphous catalyst of a-Ni2P/G with high surface area and abundant exposed catalytic sites is reported. The assembled a-Ni2P/G?a-Ni2P/G system shows a quite small cell voltage of 1.39 V to deliver 10 mA cm?2, which is better than most of bifunctional catalysts.[Figure not available: see fulltext.] © 2021, The Author(s), under exclusive licence to Springer Science+Business Media, LLC, part of Springer Nature.;10.1007/s10853-021-06391-2
Controlling the electronic structure of Fe-MOF electrocatalyst for enhanced water splitting and urea oxidation: A plasma-assisted approach;"Xu, Y; Wang, R; Feng, C; Zhang, X; Wang, N; Zhang, Q; Xie, M; Xu, Y; Jiao, Y; Chen, J";2023;"Article; Catalyst activity; Density functional theory; Design for testability; ECSA; Electrocatalyst; Electrocatalysts; Electrochemical surface area; Electronic structure; Electronic.structure; Fourier transform infrared spectroscopy; Hydrothermal synthesis; Metabolism; Metal-Organic Frameworks; Metal-organic framework; Metalorganic frameworks (MOFs); Morphology; Oxidation reactions; Performance; Plasma applications; Plasma technology; Plasma treatment; Situ grown; Surface morphology; Treatment time; Urea; Wastewater treatment; Water splitting; X ray diffraction; X ray photoemission spectroscopy; adsorption; catalysis; catalyst; chemical reaction kinetics; chronoamperometry; chronopotentiometry; controlled study; crystal structure; current density; cyclic voltammetry; density functional theory; electrolysis; electron diffraction; energy; high resolution transmission electron microscopy; hydrogen evolution; impedance spectroscopy; iron; metal organic framework; morphology; oxidation; oxygen enhancement ratio; oxygen evolution; proton transport; reference electrode; static electricity; surface area; surface property; synthesis; traffic and transport; transmission electron microscopy; urea; waste water management; water; water splitting";The design of high-performance electrocatalysts for water splitting and urea oxidation reactions requires effective regulation of their electronic structure and electrochemical surface area (ECSA). In this study, we developed an in-situ grown Fe-MOF electrocatalyst on Fe foam (FF) by using a combination of easy hydrothermal synthesis and advanced plasma technology (Fe-MOF/FF). By varying the plasma treatment time, we could tailor the surface morphology and electronic structure of the Fe-MOF/FF microrods. Meanwhile, density functional theory (DFT) calculations investigated the catalytic mechanism, revealing that plasma-treated Fe-MOF/FF has a lower energy barrier for water splitting and H* adsorption during the HER process, and higher catalytic activity for UOR. Additionally, the electronic density of optimized Fe-MOF/FF is significantly expanded near the Fermi level. Remarkably, our catalysts achieved exceptional activity in both water splitting and urea electrolysis, requiring only 1.54 V and 1.472 V, respectively, at 10 mA cm?2, with excellent stability. Our findings highlight the potential of plasma technology as a powerful tool for developing multifunctional electrocatalysts for clean energy and industrial wastewater treatment applications. © 2023 Elsevier Inc.;10.1016/j.jcis.2023.07.034
Experimental study on hydrogen production from wastewater and activated carbon assisted water electrolysis;"Liu, J; Chen, Y; Chen, C; Zhou, J";2023;"Activated carbon; Carbon assisted water electrolysis; Hydrogen production; Industrial wastewater; Wastewater utilization";Hydrogen has many advantages, such as high calorific value, low carbon, wide application, etc, which is an important strategic choice for China to achieve the dual carbon goal. It is still necessary to continue exploring new hydrogen production technologies with low cost, high efficiency and high purity. Carbon assisted water electrolysis for hydrogen production has attracted attention because it can effectively reduce electrolysis power consumption. In this paper, the electrolysis characteristics of hydrogen production by wastewater synergetic activated carbon assisted water electrolysis were experimentally studied, mainly discussing the advantages of the electrolysis characteristics of activated carbon compared with the existing carbon source coal, and the advantages of wastewater synergetic electrolysis. In this study, the control electrolysis experiment was carried out by controlling the single factor variables of carbon source type, wastewater type, temperature and iron catalyst. The electrochemical performance of each group of samples was determined by LSV, and the electrochemical kinetics was analyzed in combination with the experimental results. The experimental results showed that as an assisted carbon source, activated carbon was superior to Ximeng lignite and Shanxi Pingshuo bituminous coal. The current density of single activated carbon assisted electrolysis can be further improved by the cooperation of wastewater and activated carbon electrolysis. At the same time, the experiment also showed that temperature was an important factor affecting the auxiliary electrolysis, which need to be selected according to the actual situation. The electrochemical kinetics analysis further showed that the anodic reaction of electrolysis assisted by wastewater and activated carbon was easier to carry out, which could solve the problem of slow anodic reaction kinetics of electrolysis water. © 2023 CCTEG Hangzhou Research Institute Co., Ltd. All rights reserved.;10.20078/j.eep.20230111
A hierarchical CoSx/Ni(OH)2 heterostructure as a bifunctional electrocatalyst for urea-assisted energy-efficient hydrogen production;"Sang, B; Xue, C; Guo, S; Wng, X; Xie, S; Wang, C; Li, R.-Q.";2024;"Article; Bi-functional; Bifunctional electrocatalysts; Catalyst activity; Cell voltages; Electrocatalysts; Electrolyzers; Energy efficiency; Energy efficient; Hydrogen production; Metabolism; Multiple components; Nano-rod arrays; Nanorods; Supported structures; Synergistic effect; Urea; Water electrolysis; X ray diffraction; X ray photoemission spectroscopy; article; bifunctional electrocatalyst; catalysis; catalyst; chemical structure; controlled study; crystallization; cyclic voltammetry; density; dissociation; electric potential; electrolyte; electron transport; energy; energy conversion; female; fossil fuel; heterostructure; hydrogen; hydrogen evolution reaction; hydroxide; kinetics; male; nanorod; nickel hydroxide; oxidation; oxygen evolution reaction; pollution; scanning electron microscopy; synergistic effect; thermodynamics; unclassified drug; urea; wastewater; water electrolysis";We report hierarchical CoSx/Ni(OH)2/NF heterostructure nanorod arrays, which manifest superior bifunctional catalytic activities for the HER and UOR due to amorphous Ni(OH)2, synergistic effect of multiple components and self-supported structure. The CoSx/Ni(OH)2/NF-based urea electrolyzer requires a low cell voltage of 1.485 V to deliver 10 mA cm?2, which is obviously lower than that needed in water electrolysis. © 2024 The Royal Society of Chemistry.;10.1039/d4cc01253d
Self-Powered Water Electrolysis with Sulfide Waste as Consumable;"Wei, J; Wu, X";2025;"Bioremediation; Chemical energy; Chemical energy recycling; Chemical wastes; Consumables; Effluent treatment; Electrolysis; Energy efficiency; Energy recycling; H 2 production; Hydrogen sulfide removal (water treatment); Molybdenum sulfide; Self-powered; Sulfide oxidation; Sulfur compounds; Trash to treasure; Wastewater treatment; Water electrolysis; Water recycling; chemical energy recycling; molybdenum sulfide; self-powered; sulfide oxidation; trash to treasure; water electrolysis";Water electrolysis is a powerful and environmentally friendly strategy for green H2 production. However, the kinetics and efficiency of this process suffer seriously from the sluggish oxygen evolution reaction. Here, we report a fully self-powered H2 production approach coupling a hydrogen evolution reaction with a sulfide oxidation reaction. Driven by a sulfidic spent caustic stream, the lab-scale flow reactor can deliver an open-circuit voltage of up to 0.44 V and a self-powered current density of up to 33.79 mA cm-2. A hybrid NiCu-doped MoS2 catalyst is prepared using a nickel-copper etching waste fluid, which can effectively catalyze sulfide oxidation and hydrogen evolution. The conversion efficiencies for waste chemical energy to electricity and H2 are >40% and >30%, respectively. This work strongly suggests a self-powered H2 production potential and ability by coupling water splitting with small-molecule waste treatments, with substantial benefits concerning energy conservation, waste treatment, and resource optimization. © 2025 American Chemical Society.;10.1021/acssuschemeng.4c09699
Fe-doping induced electronic structure reconstruction in Ni-based metal-organic framework for improved energy-saving hydrogen production via urea degradation;"Zhang, X; Fang, X; Zhu, K; Yuan, W; Jiang, T; Xue, H; Tian, J";2022;"Electrocatalysts; Electrolysis; Electronic structure; Electronic structure reconstruction; Electronic.structure; Energy  savings; Energy-saving electrolyse; Energy-saving electrolysis; Energy-savings; Fe doping; Hydrogen production; Hydrothermal synthesis; Iron compounds; Metabolism; Metal organic framework; Metalorganic frameworks (MOFs); Organometallics; Structure reconstruction; Trace Fe-doping; Trace elements; Trace fe-doping; Urea; Urea oxidation";Urea-assisted water electrolysis provides an energy-saving strategy toward hydrogen evolution and wastewater-relevant environmental crisis. Efficient bifunctional electrocatalyst for urea oxidization reaction (UOR) and hydrogen evolution reaction (HER) is the key to solve these challenges. Herein, we demonstrated a Fe-doped Ni-based MOF nanosheet arrays (FeNi-MOF NSs) through one-step hydrothermal synthesis for efficient energy-saving urea-assisted water electrolysis. When applied for UOR, such prepared FeNi-MOF NSs achieves a current density of 10 and 100 mA cm?2 at overpotentials of 131 and 155 mV, respectively. Based on both comprehensive experimental and theoretical investigations, the excellent UOR performance can be attributed to that the Fe-doping caused electronic structure reconstruction in MOF, which not only induced the formation of abundant high-valence Ni as active centers for UOR, but also created more electronic states with optimized adsorption energies of reactant and product molecules on the surface, benefiting the UOR kinetics. Based on the UOR and HER activities of FeNi-MOF NSs, a urea electrolyser has been assembled, which affords 10 mA cm?2 current density at a low cell voltage of 1.431 V with excellent stability during long-term electrolysis. © 2021 Elsevier B.V.;10.1016/j.jpowsour.2021.230882
In-situ construction of trifunctional boronated CuCo2O4/Co9S8 heterostructure for water splitting and urea electrolysis;"Zhao, C; Li, N; Nasser, A M; Li, Y; Sun, S; Ma, J";2026;"Boronized CuCo2O4; Boronized cuco2o4; Catalysis; Catalyst activity; Catalytic oxidation; Cesium compounds; Charge transfer; Co9S8; Cobalt compounds; Copper compounds; Cost effective; Cost effectiveness; Electrocatalysts; Electrolysis; Energy efficiency; Evolution reactions; Hydrogen evolution reaction; Hydrogen evolution reactions; Hydrogen production; In-situ construction; Metabolism; Oxidation reactions; Oxygen evolution; Reaction kinetics; Synergistic effect; Urea; Urea electrodes; Urea oxidation; Water splitting";The development of robust and cost-effective electrocatalysts is critical for enhancing the catalytic kinetics of the hydrogen evolution reaction (HER), oxygen evolution reaction (OER), and urea oxidation reaction (UOR) in alkaline media. Herein, a heterostructured electrocatalyst comprising boronized CuCo2O4 hexagonal nanosheet clusters and Co9S8 three-dimensional nanoparticles supported on nickel foam (B: CCO-CS/NF) was successfully synthesized via a two-step in situ hydrothermal approach. The resulting architecture features abundant electrochemically active sites and improved charge-transfer efficiency. In 1.0 M KOH, the optimized B: CCO-CS/NF electrode delivers superior bifunctional performance, with low overpotentials of 154 mV for the OER and 189 mV for the HER at 10 mA·cm?2. For the UOR in 1.0 M KOH containing 0.33 M urea, a low working potential of 1.343 V is required to reach 10 mA·cm?2, confirming a marked energy-saving advantage over conventional OER. Moreover, the catalyst exhibits satisfactory operational stability. The enhanced electrocatalytic activity is mainly attributed to the synergistic interplay between boron-induced lattice defects in CuCo2O4 and the tight heterointerface with Co9S8, which collectively facilitate rapid electron transport and strong interfacial coupling effects. This work highlights the promising potential of the B: CCO-CS/NF heterostructure for energy-efficient hydrogen production and urea-containing wastewater treatment. © 2026 Elsevier B.V.;10.1016/j.jallcom.2026.190029
Accessible Ni-Fe-Oxalate Framework for Electrochemical Urea Oxidation with Radically Enhanced Kinetics;"Kim, J; Kim, M.-C.; Han, S S; Cho, K";2024;"Binary alloys; Conversion efficiency; DFT calculation; Density functional theory; Electrocatalysts; Electrochemicals; Energy conversion efficiency; Hydrogen production; Iron; Iron alloys; Kinetics; Ni-Fe oxalates; Ni-fe oxalate; Nickel; Operando; Operando XANES; Oxalic acid; Oxidation; Oxidation reactions; Potassium hydroxide; Reaction kinetics; Surface reconstruction; Surfaces reconstruction; Urea; Urea oxidation reaction; XANES; operando XANES; surface reconstruction; urea oxidation reaction";Urea oxidation reaction (UOR) has been utilized to substitute the oxygen evolution reaction (OER), to escalate the energy conversion efficiency in electrochemical hydrogen generation processes with denitrification of widespread urea in wastewater. This study reports breakthroughs in Ni-based UOR electrocatalysts, particularly with NiFe oxalate (O-NFF), derived from Ni3Fe alloy foam with prismatic nanostructures and elevated surface area. The O-NFF achieves cutting-edge performances, representing 500 mA cm?2 of current density at 1.47 V RHE and exceptionally low Tafel slope of 12.1 mV dec?1 (in 1 m KOH with 0.33 m urea). X-ray photoelectron/absorption spectroscopy (XPS/XAS) coupled with density functional theory calculations unveil that oxalate ligands induce charge deficient Ni center, promoting stable urea-O adsorption. Furthermore, Fe dopants enhance oxalate-O charge density and H-bond strength, facilitating C-N cleavage for N2 and NO2? formation. The extraordinary UOR kinetics by the tandem effects of oxalate and Fe prevent Ni over-oxidation, corroborated by operando XAS, minimizing OER interference. It agrees with an adaptive reconstruction to Fe-doped ?-NiOOH on top surface in extended urea electrolysis with marginal loss in UOR kinetics. This findings shed light to bimetal-organic-framework as (pre)catalysts to improve industrial electrolytic H2 production. © 2024 Wiley-VCH GmbH.;10.1002/adfm.202315625
Hydrogen production from microbial electrolysis cells powered with microbial fuel cells;"Aboelela, D; Soliman, M A";2024;"Cell/B.E; Coupled systems; Dynamics models; Electrolysis; Electrolytic cells; Hydrogen production; Internal resistance; Microbial electrolysis cell; Microbial fuel cell; Microbial fuel cells; Model validation; Modeling; Parameter model; Parameters estimation; Power sources; Regenerative fuel cells; Simulation; Sustainability; Wastewater treatment";"This work used a unified dynamic model of microbial fuel cells (MFCs) and microbial electrolysis cells (MECs) that were combined to create MFC-powered MECs. This allowed for a completely sustainable and green system of hydrogen production and wastewater treatment. The main advantage that was envisioned for this coupled system was the elimination of the need for an external power source; the only feed to the system was the wastewater itself. We present the results of parameter estimation and model validation. The results showed the importance of minimizing internal resistance to increase hydrogen production. Better powering of MECs was achieved by setting MFCs in series rather than in parallel. © 2022 King Saud University";10.1016/j.jksues.2022.05.008
Sulfurization-induced lattice disordering in high-entropy catalyst for promoted bifunctional electro-oxidation behavior;"Chen, J; Wang, K; Liu, Z; Sun, X; Zhang, X; Lei, F; Wan, X; Xie, J; Tang, B";2024;"Bi-functional; Catalyst activity; Electro-oxidation reaction; Electrolysis; Electrooxidation; Entropy; High-entropy catalyst; Hydrazine; Hydrazine oxidation; Hydrazine oxidation reaction; Hydrogen production; Lattice disordering; Oxidation reactions; Oxygen; Oxygen evolution reaction; Pre-oxidation; Sulfur compounds; Sulphurization; Surface roughness; Wastewater treatment; ]+ catalyst";The electro-oxidation reactions (EORs) are key half reactions to achieve efficient hydrogen production via direct or assisted water electrolysis, and the development of bifunctional EOR catalysts could further broaden the field of utilization and thus realize simultaneous hydrogen production and wastewater treatment. In this work, we proposed a mild sulfurization approach to fabricate a high-entropy septenary NiCrFeCoCuMnZn sulfide catalyst with unique sulfurization-induced lattice disordering. The disordered lattice and high-entropy feature of the pre-oxidation-favorable sulfide catalyst synergistically lead to enriched active sites and improved intrinsic activity towards promoted activity for the oxygen evolution reaction (OER) and hydrazine oxidation reaction (HzOR). Dynamic analyses of the catalyst in EOR operation reveals that the enrichment of high-valence active species, increased surface roughness and the in-situ formed SO42- ions adsorbed on the surface of the activated catalyst could result in promoted catalytic kinetics, and thereby leading to significant enhancement of OER and HzOR activity without degradation during long-term catalysis. The exploration of the high-entropy lattice-disordered catalyst could promote the hydrogen production via direct and hydrazine-assisted water electrolysis, and the optimization strategies with synergy of phase engineering, lattice disordering and entropy modulation could guide the design of advanced catalysts for energy-related applications. © 2024 Elsevier B.V.;10.1016/j.cej.2024.151234
A three-dimensional self-standing Mo2C/nitrogen-doped graphene aerogel: Enhancement hydrogen production from landfill leachate wastewater in MFCs-AEC coupled system;"Zhou, Y; Niu, J; Zhang, G; Yu, M; Yang, F";2020;"Ammonia; Article; Bioelectric Energy Sources; Electrolysis; Graphite; Hydrogen; Hydrogen evolution reaction; Molybdenum carbide; Nitrogen; Nitrogen-doped graphene aerogel; Self-standing cathode; Waste Water; Water Pollutants, Chemical; ammonia; ammonium; biochemical oxygen demand; bioenergy; carbon; carbon source; coating; cyclic voltammetry; electrode; electrokinesis; electrolysis; gel; graphene; graphene oxide; graphite; hydrogen; hydrogen evolution; impedance spectroscopy; landfill; landfill leachate; microbial fuel cell; molybdenum; nitrogen; porous medium; priority journal; reaction kinetics; temperature; three-dimensional modeling; waste water; water pollutant";A hydrothermal-annealing method was adopted to form nitrogen-doped graphene aerogel-supported molybdenum carbide (Mo2C/NGA) materials by using graphene oxide (GO), poly (propylene glycol) bis(2-aminopropyl ether) (D400 for short) and ammonium molybdate as precursors. The annealing temperature and GO/D400 wt ratio played an important role on the materials structure and electrocatalytic activity. When the annealing temperature reached to 800 °C, the Mo2C was formed as an active component and improved obviously the hydrogen evolution reaction (HER) activity. After introducing the appropriate amount of D400, the Mo2C/NGA material not only had a firm porous monolithic framework, but also presented an increasing HER activity. Further, the Mo2C/NGA-based microbial fuel cells-ammonia electrolysis cell (MFCs-AEC) coupled system was constructed and operated for higher hydrogen production. The coupled system produced hydrogen of 198 mL g?1Mo2C/NGA in simulated ammonia-rich wastewater. As using the actual landfill leachate wastewater as substrate, there was 79.2 mL g?1Mo2C/NGA of hydrogen production. All of these were attributed to the porous structure with an interconnected network and the nitrogen-doped structure of the NGA. © 2020 Elsevier Inc.;10.1016/j.envres.2020.109283
Optimal production of biohydrogen gas via microbial electrolysis cells (mec) in a controlled batch reactor system;"Azwar, Y; Abdul-Wahab, A K; Hussain, M A";2013;"Advanced control systems; Bacterial oxidation; Batch reactor systems; Batch reactors; Bio-electrochemical; Electrodes; Electrolysis; Electrolytic cells; Fuel cells; Hydrogen production; Hydrogen production rate; Microbial electrolysis cell (MECs); Microbial fuel cells; Microbial fuel cells (MFCs); Optimal production; Regenerative fuel cells";A Microbial Electrolysis Cells (MECs) is a slightly modified microbial fuel cells (MFCs) where a small amount of electricity is applied to the anode chamber to suppress the production of methane. Oxygen is kept out of the cathode chamber to assist bacterial oxidation of organic matter present in the wastewater to produce hydrogen, a gas which is the becoming the most attractive energy source. While MECs has tremendous potential, the development of this technique is still in its infancy. The goal of this work is to optimize the production of biohydrogen gas by selecting the optimum current and controlling applied voltage in MECs using batch reactor. The mathematical model of the MECs is based on material balances with the integration of bio-electrochemical reactions describing the effect of applied voltage on the performance of MECs batch reactor. The behaviour of the system differs significantly as the value of applied voltage is changed and gives a significant influence on the hydrogen production rate. Finally, this study can be extended in the future to improve the optimization in MEC model and develop advanced control system study. Copyright © 2013, AIDIC Servizi S.r.l.;10.3303/CET1332122
Utilizing electrooxidation for textile effluent wastewater treatment and simultaneous electrocatalytic hydrogen production: Transforming waste into energy and promoting water reuse in a circular economy context;"Prajapati, V; Shah, A; Patel, R; Trivedi, N A; Som, N N; Srivastava, D N; Pataniya, P M; Sumesh, C K";2024;"Bioremediation; Circular economy; Effluent treatment; Effluents; Electro-catalytic hydrogen productions; Electrochemicals; Electrooxidation; Electrooxidations; Energy; Environmental risks; Hybrid water electrolyse; Hybrid water electrolysis; Hydrogen production; Textile chemical treatment; Textile effluent; Textile industry; Textile mills; Wastewater reclamation; Wastewater treatment; Water electrolysis; Water pollution; Water recycling; Water reuse; electrochemistry; environmental impact; gene expression; pH; two-dimensional modeling; wastewater treatment";Textile effluent wastewater poses a serious environmental risk because of its high concentration of pollutants, which include organic compounds, heavy metals, and dyes. The present study investigates the technical and economic feasibility of hybrid water electrolysis performances. Specifically, real textile effluent wastewater was utilised to examine simultaneous abatement and electrochemical hydrogen production. The treated water can be recycled in the textile mill, offering the benefits of trash-to-treasure and cost savings through the circular economy. In addition to reducing the environmental impact of textile wastewater, the synergistic approach seeks to maximise its potential for producing hydrogen as clean energy. Here, the commercially available stainless sheet was used as the anode in the electrochemical setup system and the two-dimensional Ti3C2TX MXene was used as the catalyst embedded cathode. The optimal electrode-electrolyte parameter settings resulted in an 83 % decrease in COD level and a degradation efficiency of about 88 %. The potential for widespread adoption in the textile industry is highlighted by the discussion of the economic viability and environmental advantages of using wastewater from textile effluents for pollutant degradation and hydrogen production. Hence, the energy estimation was looked at and estimated in order to evaluate the process viability. For instance, the hybrid electrolysis process uses a very small amount of electricity (0.825 kWh m?3 order?1) and has an apparent operating current (30 mA/cm2). This work could serve as a guide for the methodical assessment and choice of hybrid water electrolysis using actual wastewater. The electrode's recyclability and reuse were proven for possible commercial applications. The stability of the Ti3C2TX electrode over a wide pH range was investigated in order to produce hydrogen on a big scale at a reasonable cost. © 2024 Elsevier Ltd;10.1016/j.renene.2024.121733
OPTIMIZATION OF MATHEMATICAL MODELING OF MICROBIAL ELECTROLYSIS CELL FOR THE PRODUCTION OF HYDROGEN FROM SAGO WASTEWATER SUBSTRATE;"Asrul, M A M; Atan, M F; Yun, H A H; Wahab, N A; Hung, H H; Lai, J C H; Tan, I A W";2024;"Biohydrogen; artificial neural network; biofilm growth; mathematical model; microbial electrolysis cell; optimization";The experimental runs of a 4-L double-chamber microbial electrolysis cell (MEC) produce hydrogen from sago wastewater within the retention time of 16 days. The simulation of the simplified microbial biofilm growth model provides the results to validate the experimental data. However, the comparable profiles have a nonlinear phenomenon, such as the data deviation in substrate concentration and hydrogen production rate. The stoichiometric reaction and kinetics affect the behavior of the substrate concentration profile. In addition, the bioelectrochemical factors also affect the hydrogen production rate profile. The artificial neural network (ANN) predicts the experimental hydrogen production rate according to the input of pH of the catholyte at controlled applied potential of 0.8 V and current density of 0.632 A?m-2. The convex method assists the model in finding the optimal input values that lead to the minimum mean square error (MSE) between modelling and experimental data. Evaluation of the COD removal efficiency, coulombic efficiency, and energy efficiency determines the process limit of the model MEC. At an optimum applied potential of 0.45 V, anode surface area of 0.06 m2, anodic chamber volume of 5.2 L, and initial substrate concentration of 2,476.14 mg?L-1, the MEC model reached maximum steady-state percentage at 100.0% of COD removal efficiency, 50.0% of Coulombic efficiency, and 7.8% of energy efficiency. © 2024 Penerbit UTM Press. All rights reserved.;10.11113/aej.V14.20419
Enhanced Cu (II) Removal by Iron-Graphite Electrocoagulation: Kinetics, Efficiency and Hydrogen Co-Production;"Janabi, A S K; Abdul-Hameed, H M";2025;"Cu (II); electrocoagulation; graphite; hydrogen gas production; iron electrode; wastewater treatment";Electrocoagulation (EC) process is an effective electrochemical method of heavy metal removal in wastewater. The removal of Cu (II) in aqueous solutions using Fe-Gr electrodes was studied in the present study in both batch and continuous modes. This was to determine the efficiency of removal of Cu (II) under different operating conditions, such as current density, pH, and treatment time. The originality of the work is that it uses Fe-Gr electrodes, which have the coagulant effect of iron and the high adsorption capacity of graphite. The electrode performance is better, and the removal efficiency is higher for Cu (II) and hydrogen production. The specific surface area (BET) of graphite electrode is 2.6 (m2/g). The experimental results showed that the pseudo-second-order model was the best fit to the Cu (II) removal kinetics, where R2 = 0.98, which was higher than that of the first-order model, R2 = 0.86, indicating a strong correlation. Graphite offers high electrical conductivity and chemical stability, which facilitates faster electron movement and improved electrode kinetics. During batch experiments, an applied voltage of 50 V and an inter-electrode distance of 3 cm led to almost total removal of Cu (II) in 25 minutes. A 90% percent removal efficiency with H2 produced was attained with continuous EC experiments at a flow rate of 0.3 L/min and the weight of sludge 12 g. H2 gas generation (0.152, 0.244, and 0.366 L/min) respectively. This study emphasizes the prospect of Fe-Gr electrodes in enhancing the electrocoagulation process of wastewater treatment, which is more economical and environmentally friendly in controlling the contamination of heavy metals. ©2025 The authors.;10.18280/ijdne.200603
Modulating electronic structure of ternary NiMoV LDH nanosheet array induced by doping engineering to promote urea oxidation reaction;"Wang, Z; Liu, W; Bao, J; Song, Y; She, X; Hua, Y; Lv, G; Yuan, J; Li, H; Xu, H";2022;"Alkalinity; Electrocatalysis; Electrocatalysts; Electrodes; Electrolysis; Electrolytes; Electronic structure; Electronic.structure; Hetero-atom doping; Heteroatoms; Hydrogen production; Layered double hydroxide; Layered double hydroxide (LDH); Layered double hydroxide nanosheets; Layered-double hydroxides; Mass transfer; Metabolism; Molecules; Nanosheets; Oxidation; Oxidation reactions; Synergetic effect; Synergetic effects; Ternary alloys; Urea; Urea oxidation reaction; Urea-enriched wastewater; Wastewater treatment; urea oxidation reaction (UOR)";Fabrication of advance electrocatalysts for urea oxidation reaction (UOR) is of great significance for purifying urea-enriched wastewater and producing hydrogen. Here, a doping engineering strategy is adopted to obtain a ternary NiMoV layered double hydroxide (LDH) nanosheet array supported on the three-dimensional (3D) nickel foam substrate. The synergistic effect brought by the unique 2D/3D hierarchical structure could expose more active sites and accelerate charge and mass transfer. In addition, experimental and theoretical results confirm that Mo and V dopants are capable of modifying the local electronic structure of Ni sites to optimize the adsorption energy for urea molecules. Therefore, the as-prepared NiMoV LDH/NF electrode realizes high-efficiency catalysis for UOR in view of the rapid kinetics, high intrinsic activity and robust durability. Specifically, NiMoV LDH/NF electrode presents a low potential of 1.40 V to deliver 100 mA cm?2 for UOR, which is about 260 mV less for its urea-free counterpart in alkaline electrolyte. When anodic NiMoV LDH/NF electrode and cathodic Pt/C electrode are integrated into a two-electrode system for water electrolysis in variable urea concentration and pH values conditions, urea-assisted electrolysis water system exhibit the lower potential (?1.63 V) than that of conventional water electrolysis at 100 mA cm?2. This work shows that the local electronic structure adjustment of the active site caused by the heteroatom doping effect could improve the electrocatalytic oxidation performance of some small molecules. © 2021;10.1016/j.cej.2021.133100
Electronic structure modulation of nickel hydroxide porous nanowire arrays via manganese doping for urea-assisted energy-efficient hydrogen generation;"Chen, F; Yang, F; Sheng, C; Li, J; Xu, H; Qing, Y; Chen, S; Wu, Y; Lu, X";2022;"Anodic oxidation; Article; Catalysts; Electrocatalysis; Electrochemical conversion; Electronic structure; Electronic.structure; Energy efficiency; Hydrogen; Hydrogen production; In situ electrochemical conversion; Manganese compounds; Manganese doping; Metabolism; Mn-Ni(OH)<sub>2</sub>; Mn-ni(OH)2; Nano-rod arrays; Nanorod arrays; Nanorods; Nanowires; Nanowires (array); Nickel compounds; Oxidation reactions; Raman spectrometry; Slope stability; Structure modulation; Urea; Urea oxidation reaction; Water pollution; X ray diffraction; X ray photoemission spectroscopy; adsorption; catalysis; chemical composition; chemical structure; controlled study; current density; density functional theory; desorption; electrolysis; elemental analysis; hydrogen; manganese; metal organic framework; nanowire; nickel; nitrogen; oxidation reduction reaction; oxygen enhancement ratio; pore size distribution; scanning electron microscopy; structural model; surface area; surface property; synthesis; thermodynamics; transmission electron microscopy; transport kinetics; urea";Replacement of the sluggish anodic reaction in water electrocatalysis by a thermodynamically favorable urea oxidation reaction (UOR) offers the prospect of energy-saving H2 generation, additionally mitigating urea-rich wastewater pollution, whereas the lack of highly efficient and earth-abundant UOR catalysts severely restricts widespread use of this catalytic system. Herein, Mn-doped nickel hydroxide porous nanowire arrays (denoted Mn-Ni(OH)2 PNAs) are rationally developed and evaluated as efficient catalysts for the UOR in an alkaline solution via the in situ electrochemical conversion of NiMn-based metal–organic frameworks. Mn doping can modulate the electronic structural configuration of Ni(OH)2 to significantly increase the electron density and optimize the energy barriers of the CO*/NH2* intermediates of the UOR. Meanwhile, porous nanowire arrays will afford abundant spaces/channels to facilitate active site exposure and electron/mass transfer. As a result, the Mn-Ni(OH)2 PNAs delivered superior UOR performance with a small potential of 1.37 V vs. RHE at 50 mA cm?2, a Tafel slope of 31 mV dec-1, and robust stability. Notably, the overall urea electrolysis system coupled with a commercial Pt/C cathode demonstrated excellent activity (1.40 V at 20 mA cm?2) and durability operation (only 1.40% decay after 48 h). © 2022 Elsevier Inc.;10.1016/j.jcis.2022.06.173
Intelligent Control System Design and Simulation Analysis for Saline-Alkaline Water Electrolysis Hydrogen Production System;"Zhang, C; Cheng, Y; Xu, L";2026;"Alkaline water electrolysis; Dynamic modeling; Dynamic models; Dynamics; Dynamics models; Electrolysis; Energy fluctuation; Hydrogen production; Hydrogen-to-oxygen  concentration; Hydrogen-to-oxygen (HTO) concentration; Intelligent control; Model predictive control; Model predictive control (MPC); Model-predictive control; Oxygen; Oxygen concentrations; Predictive control systems; Remediation; Renewable energies; Renewable energy fluctuation; Saline-alkaline water electrolyse; Saline-alkaline water electrolysis; Solar energy; Three term control systems; Wind power";Hydrogen production via electrolysis of saline-alkali land remediation wastewater offers a promising route for renewable energy integration, wastewater valorization, and green hydrogen generation. However, wind-solar power fluctuations and characteristic impurities in saline-alkali water challenge stable system operation. This study develops a multi-physics dynamic model of a saline-alkali water electrolysis unit in MATLAB/Simulink, incorporating electrochemical, thermodynamic, and gas purity sub-models modified by saline-alkali water parameters. The impact of power fluctuations on temperature, pressure, and hydrogen-to-oxygen (HTO) concentration is analyzed. A model predictive control (MPC) scheme is designed for power tracking. Simulations show that, compared to PID control, MPC reduces temperature overshoot from 6.5 °C to 1.0 °C, narrows steady-state fluctuation from 11.5 °C to 4.0 °C, eliminates HTO exceedance (from 8.3% to 0), and lowers power tracking RMSE from 0.398 MW to 0.340 MW, enabling smooth start-stop transitions. The proposed strategy significantly enhances operational safety and adaptability under fluctuating renewable power. © 2026 IEEE.;10.1109/EPSIC70071.2026.11590690
Electrochemical treatment of human waste coupled with molecular hydrogen production;"Cho, K; Kwon, D; Hoffmann, M R";2014;"Chemical oxygen demand; Chlorine compounds; Effluents; Electrochemical treatments; Electrolytic cells; Energy efficiency; Energy utilization; Environmental analysis; Hydrogen production; Molecular physics; On-site wastewater treatment; Oxidative elimination; Pseudo-first-order rate constant; Rate constants; Redox reactions; Semiconductor electrode; Specific energy consumption; Titanium dioxide; Wastewater treatment; Wastewater treatment system";We have developed a wastewater treatment system that incorporates an electrolysis cell for on-site wastewater treatment coupled with molecular hydrogen production for use in a hydrogen fuel cell. Herein, we report on the efficacy of a laboratory-scale wastewater electrolysis cell (WEC) using real human waste for the first time with semiconductor electrode utilizing a mixed particle coating of bismuth oxide doped titanium dioxide (BiO x/TiO2). A comprehensive environmental analysis has been coupled together with a robust kinetic model under the chemical reaction limited regime to investigate the role of various redox reactions mediated by chloride present in human waste. The oxidative elimination of the chemical oxygen demand (COD) and ammonium ion can be modelled using empirical, pseudo-first-order rate constants and current efficiencies (CE). In combination with an anaerobic pre-treatment step, human waste containing high-levels of COD, protein, and color are eliminated within 6 hours of batch treatment in the WEC. The reactor effluent has a residual inorganic total nitrogen (TN) concentration of ?40 mM. The CE and specific energy consumption were 8.5% and 200 kWh per kgCOD for the COD removal, 11% and 260 for kWh per kgTN for the TN conversion. The CE and energy efficiencies (EE) for hydrogen production were calculated to be 90% and 25%, respectively. © 2014 The Royal Society of Chemistry.;10.1039/c3ra46699j
Hydrogen production from continuous flow, microbial reverse-electrodialysis electrolysis cells treating fermentation wastewater;"Watson, V J; Hatzell, M; Logan, B E";2015;"Ammonium bicarbonate; Anode potential; Bioelectric Energy Sources; Biological Oxygen Demand Analysis; Cells; Continuous flows; Coulombic efficiency; Cytology; Effluents; Electrical energy; Electricity; Electrodes; Electrodialysis; Electrolysis; Electrolysis cell; Electrolytic cells; Fermentation; Fermentation wastewaters; Hydraulic retention time; Hydrogen; Hydrogen production; Microbial reverse-electrodialysis electrolysis cell; Reverse electrodialysis; Rheology; Time Factors; Waste Water; Wastewater treatment; Water Purification; biochemical oxygen demand; bioenergy; devices; electricity; electrode; electrolysis; fermentation; flow kinetics; hydrogen; metabolism; procedures; time factor; waste water; water management";A microbial reverse-electrodialysis electrolysis cell (MREC) was used to produce hydrogen gas from fermentation wastewater without the need for additional electrical energy. Increasing the number of cell pairs in the reverse electrodialysis stack from 5 to 10 doubled the maximum current produced from 60 A/m3 to 120 A/m3 using acetate. However, more rapid COD removal required a decrease in the anolyte hydraulic retention time (HRT) from 24 to 12 h to stabilize anode potentials. Hydrogen production using a fermentation wastewater (10 cell pairs, HRT = 8 h) reached 0.9 ± 0.1 L H2/Lreactor/d (1.1 ± 0.1 L H2/g-COD), with 58 ± 5% COD removal and a coulombic efficiency of 74 ± 5%. These results demonstrated that consistent rates of hydrogen gas production could be achieved using an MREC if effluent anolyte COD concentrations are sufficient to produce stable anode potentials. © 2015 Elsevier Ltd. All rights reserved.;10.1016/j.biortech.2015.05.088
Facile fabrication of bifunctional SnO–NiO heteromixture for efficient electrocatalytic urea and water oxidation in urea-rich waste water;"Gopi, S; Al-Mohaimeed, A M; Elshikh, M S; Yun, K";2021;"Article; Chronoamprometry; Current density; Hybrid; Nickel oxide; Onset potential; Urea; Urea oxidation reaction; Waste Water; Water; X ray diffraction; X ray photoemission spectroscopy; X-ray diffraction; adsorption kinetics; catalyst; catalytic efficiency; chemical structure; chronoamperometry; controlled study; current density; electric conductance; electric current; electric potential; electrochemical analysis; electrode; electrolyte solution; electron diffraction; electron transport; elemental analysis; fast electron radiation; field emission scanning electron microscopy; impedance spectroscopy; linear sweep voltammetry; nanocrystal; nanofabrication; nickel oxide nanoparticle; oxidation; oxidation kinetics; oxygen evolution; physical chemistry; platinum electrode; scanning electron microscopy; tin oxide; transmission electron microscopy; urea; waste water management; wastewater; wastewater treatment; water";Heterostructured transition metal oxide hybrid have more attention in energy saving and environmental related field due to their higher electro-catalytic activity. In this work, we demonstrated SnO decorated with NiO nanocrystal electrocatalyst is successfully synthesized through solvothermal method and well characterized by scanning electron microscope, transmission electron microscope, X-ray diffraction and X-ray photoelectron spectroscopy. Physical characterizations confirm that spherical shape of SnO nanoparticles are homogeneously dispersed on the surface of NiO. The kinetic study of catalytic performance towards urea oxidation reaction were measured by liner sweep voltammetry and chronoamprometry. As proposed catalyst to facilitate the rate of urea oxidation reaction can increase by SnO doped NiO catalyst. The urea oxidation on SnO–NiO nanostructured modified electrode exhibits lower onset potential of 1.12 V and enhancement of current with tafel slope of 150 mV dec?1. The obtained results demonstrated the synthesized SnO–NiO anode material could be promising electrode for urea-rich containing wastewater remediation and hydrogen production from wastewater. © 2021 Elsevier Inc.;10.1016/j.envres.2021.111589
Modeling of a H2 Generation System Pilot Through Wastewater Electrolysis and PV Solar Energy for Water Resource Valorization in O&G Fields;"Ruiz, H R R; Cañón, J C R; Celeita, D; Pérez, A M; Rivillas, J A C";2024;"Electrolyze modelin; Electrolyzer Modelin; Electrolyzers; Energy; Gas industry; Generation systems; Hydrogen Production; Modelin; PEM Electrolysis; PEM electrolysis; Petroleum prospecting; Petroleum reservoir evaluation; Petroleum tar; Photovoltaic Solar Energy; Photovoltaic solar energy; Renewable Energy Integration; Renewable energy; Renewable energy integrations; Wastewater Reutilizution; Wastewater reutilizution; Water resources exploration; Waters resources";This paper presents the modeling of a Hydrogen (H2) Production System that utilizes wastewater from oil fields and photovoltaic solar energy, addressing global decarbonization challenges through non-conventional energy solutions. The study focuses on two main aspects: the reutilization of industrial wastewater from oil and gas fields and the exploration of hydrogen as a viable energy vector. A MATLAB-based model simulates the water electrolysis process using wastewater from high water cut oil reservoirs, typically disposed of or recirculated without further use. This approach incorporates a technical and economic prefeasibility analysis to serve as a sizing tool for similar projects, utilizing residual and industrial waters as valuable resources. Future work will focus on the photovoltaic systems, storage, and H2 transport logistics. The study demonstrates the economic viability of producing H2 from previously untapped resources, highlighting its potential applicability across multiple industries.  © 2024 IEEE.;10.1109/ICRERA62673.2024.10815228
Surface reconstruction of electroless-deposited Ni-Co-P for large-current-density urea-assisted water splitting;"Wu, T.-H.; Hsieh, C.-N.; Hua, W.-H.";2026;"Anodic oxidation; Article; Bimetallic catalyst; Bimetallic catalysts; Catalyst activity; Charge transfer; Cobalt compounds; Cobalt oxyhydroxide; Cost effective; Cost effectiveness; Current density; Electrocatalysts; Electroless; Electroless deposition; Electroless plating; Electrolysis; Energy conservation; Fourier transform infrared spectroscopy; Hydrogen production; Large current density; Metabolism; Nickel compounds; Nickel?cobalt oxyhydroxide; Oxidation reactions; Platinum compounds; Raman spectrometry; Surface reconstruction; Surfaces reconstruction; Urea; Urea electrodes; Urea-assisted water splitting; Water splitting; X ray diffraction; article; catalysis; catalyst; chemical reaction kinetics; cobalt; controlled study; current density; cyclic voltammetry; electric potential; electrocatalysis; electrode; electrolysis; electron diffraction; electron transport; energy conservation; energy consumption; hydrogen; impedance spectroscopy; linear sweep voltammetry; nanoparticle; nickel; oxidation; oxidation reduction reaction; oxygen evolution reaction; phosphorus; precipitation; scanning electron microscopy; surface property; turnover rate; urea; water splitting";"Urea electrolysis holds tremendous promise to remediate urea-containing wastewater and produce cost-effective hydrogen. Achieving highly efficient and durable electrocatalysts to drive the anodic urea oxidation reaction (UOR) is paramount to promote its practical applications. Herein, electroless deposition, a scalable, cost-effective, and energy-saving approach, is used to obtain amorphous Ni-Co-P nanoparticles. Through exhaustive examinations, a highly electrocatalytic active (NiCo)OOH is generated on the surface of the highly electronic conductive Ni-Co-P during the course of UOR. The bimetallic synergy endows the catalyst with lower onset potential, lower charge-transfer resistances, and improved Ni redox reversibility compared with the Co-free sample. Benefiting from these merits, the optimal Ni-Co-P electrode (NCP-2) exhibits promising UOR performance with high catalytic current density (359 mA cm?2), mass activity (143 A g?1), and turnover frequency (TOF; 482 h?1) at 1.40 V. Moreover, the NCP-2||Pt/C urea electrolyzer demonstrates robust catalytic performance sustaining a high current density of 200 mA cm?2 for 48 h, and substituting UOR for oxygen evolution reaction (OER) reduces ?15 % energy consumption for hydrogen production. Furthermore, NCP-2 shows reliable UOR catalytic behaviors even with the addition of common interfering substances, showcasing the great potential of the electroless-deposited electrodes for practical UOR applications. © 2024";10.1016/j.jcis.2025.138950
Cu-induced NiCu-P and NiCu-Pi with multilayered nanostructures as highly efficient electrodes for hydrogen production via urea electrolysis;"Xu, X; Ji, S; Wang, H; Wang, X; Linkov, V; Wang, P; Pan, L; Wang, G; Wang, R";2022;"Catalyst activity; Catalytic oxidation; Copper compounds; Cu atoms; Domestic sewage; Electrocatalysts; Electrodes; Electrolysis; Electrolysis cell; Electrolytes; Hydrogen production; Hydrogen production by electrolysis; Industrial wastewaters; Metabolism; Metal complexes; Multi-layered; Multilayered nanostructures; Nanostructures; Ni foam; Nickel compounds; Phosphorus compounds; Precious metals; Ruthenium compounds; Sewage; Urea; Water decontamination; ]+ catalyst";Since urea is commonly present in domestic sewage and industrial wastewater, its use in hydrogen production by electrolysis can simultaneously help in water decontamination. To achieve this goal, the development of highly active and inexpensive urea electrolysis catalysts is necessary. This study deals with the preparation of multilayered nickel and copper phosphides/phosphates (NiCu-P/NF and NiCu-Pi/NF) supported on Ni foam (NF) and their application as new electrocatalyst types for the electrolysis of urea-containing wastewaters. In these materials, Cu atoms induce the formation of multilayer nanostructures and modulate electron distribution, allowing for the exposure of additional active sites and acceleration of the process kinetics. NiCu-P/NF is used as a cathode and NiCu-Pi/NF as an anode in an electrolysis cell and exhibits significant catalytic activity and stability in the urea oxidation reaction (UOR) and the hydrogen evolution reaction (HER). The NiCu-Pi/NF||NiCu-P/NF electrolysis cell, operating with an alkaline urea-containing aqueous electrolyte, achieves a current density of 10 mA cm? at a potential of 1.41 V, which is less than required by the RuO2||Pt/C cell utilizing commercial noble metal-based electrodes. The study provides a novel strategy for designing efficient catalysts to produce hydrogen by urea electrolysis. © 2022 The Royal Society of Chemistry.;10.1039/d2nr04409a
Solar driven thermal electrochemical process (step)wastewater treatment with synergistic production of hydrogen;"Wang, B; Hu, Y; Wu, H; Licht, S";2013;"Concentrated solar; Electrochemical process; Electrolysis potentials; Energy utilization; Experimental evidence; Hydrogen production; Phenols; Production of hydrogen; Solar energy; Solar power generation; Solar thermal energy; Temperature decrease; Thermodynamic energy; Wastewater treatment";The first experimental evidence of a solar driven thermal electrochemical process (STEP) for wastewater treatment with synergetic co-generation of hydrogen is presented. The co-generation of hydrogen, a useful product, decreases the energy consumption to remove phenol, and increases the oxidation rate of persistent organics (exemplifed by phenol removal). Concentrated solar thermal heat elevates the temperature of the wastewater to be treated. Higher temperature decreases the thermodynamic energy required to drive phenol oxidation, and improves kinetics to sustain higher rates. Solar thermal energy decreases the requisite electrolysis potential, while visible sunlight on a photovoltaic generates this potential to drive the electrolysis. © 2013 The Electrochemical Society.;10.1149/2.008309eel
Preparation of hollow nanorod CoxCu2?xSe/CF electrode assembled from nanoparticles and its urea-assisted hydrogen production performance;"Du, W; Feng, Y; Jiang, J; Zhao, T; Xu, G; Zhang, L";2024;"Active site; Copper oxides; Electrocatalysts; Electrodes; Energy utilization; H 2 production; Hollow nanorod structure; Hydrogen evolution reaction; Hydrogen evolution reactions; Hydrogen production; Hydrogen production performance; Metabolism; Nanoparticles; Nanorods; Oxidation reactions; Reaction kinetics; Reduced energy consumption; Selenium compounds; Self-supported electrode; Synthesis (chemical); Urea; Urea oxidation reaction; Wastewater treatment; Water splitting";Urea-assisted water splitting is a promising method for the production of H2 with reduced energy consumption, which can also purify urea-rich wastewater. Nevertheless, the development of bifunctional electrocatalysts that exhibit exceptional efficiency and affordability for the urea oxidation reaction (UOR) and hydrogen evolution reaction (HER) remains a challenging task. In this work, a MOFs-derived bifunctional electrode of Co-doped Cu2?xSe with a hollow nanorod structure assembled from nanoparticles is prepared on a copper foam substrate (CoxCu2?xSe/CF) by a three-step synthesis process. As anticipated, the CoxCu2?xSe/CF self-supported electrode shows promising performance in terms of the UOR and HER. This can be attributed to the unique hollow nanorod structure assembled from nanoparticles and incorporation of Co dopants, which can expose more active sites, enhance the electrochemical surface area, and facilitate faster reaction kinetics. When CoxCu2?xSe/CF was employed as the self-supported electrode for H2 production in a coupled HER||UOR system, only 1.51 V was required to drive a current density of 10 mA cm?2, which is 120 mV lower than the traditional water electrolysis system. And it also displays an outstanding stability, the current density retention ratio is approximately 82.1 % after 70 h. Noteworthy, XRD, XPS and in-situ Raman analysis reveal that CoxCu2?xSe/CF can form highly active CuO and amorphous Cu(OH)2 as the active sites in UOR. This work proposes a strategy for H2 production and urea-containing wastewater treatment. © 2023 Elsevier B.V.;10.1016/j.jallcom.2023.172517
Synergetic Modulation of Electronic Properties of Cobalt Oxide via “Tb” Single Atom for Uphill Urea and Water Electrolysis;"Ajmal, S; Rasheed, A; Sheng, W; Dastgeer, G; Nguyen, Q A T; Wang, P; Chen, P; Liu, S; Bui, V Q; Zhu, M; Li, P; Wang, D";2025;"Adsorption/desorption; Bioremediation; Electrocatalysts; Electrolysis; Environmental remediation; H 2 evolution; Hydrogen generations; Ionization of gases; Negative ions; Nuclear batteries; Oxidation reactions; Rare-earths; Single-atoms; Solar power generation; Sustainable energy; Urea assisted water electrolyse; Urea electrodes; Wastewater treatment; Water electrolysis; Water pollution; adsorption; article; atom; catalysis; catalyst; cobalt; controlled study; current density; desorption; drug development; ecosystem restoration; electric potential; electrode; energy transfer; environmental remediation; female; hydrogen; hydrogen evolution reaction; hydrogen generation; kinetics; lanthanide; oxidation; oxide; pharmaceutics; rare earth; scale up; sustainable energy; terbium; total body surface area; urea; urea assisted water electrolysis; water electrolysis; water pollution; water treatment";Exploring single-atom (SA) catalysts in hybrid urea-assisted water electrolysis offers a viable alternative to both Hydrogen (H2) generation and polluted water treatment. However, the unfavorable electronic stabilization, low SA content, intrinsically slow kinetics, and imbalanced adsorption-desorption steps are the bottleneck for its scale-up implementation. Herein, a rare-earth Terbium single atom (TbSA) is topologically stabilized on defect-rich Co3O4 (TbSA@d-Co3O4) by Tb?O co-ordination for urea oxidation reaction (UOR) and H2 evolution reaction (HER). Benefitting from the strong TbSA interaction with the d-Co3O4, the TbSA@d-Co3O4 achieves a 10 mA cm?2 current density at 1.27 V and ?35 mV for UOR and HER, respectively. Remarkably, when TbSA@d-Co3O4 is applied as a bi-functional catalyst in a two-electrode system, it merely requires 1.22 V to acquire 10 mA cm?2 with excellent operational stability for 100 h. The hybrid electrolyzer can be successfully empowered by the triboelectric nanogenerator, AA battery, and solar panel with a nominal potential of 1.5 V. The mechanistic investigation predicts “TbSA” insertion in d-Co3O4 lowered the potential determining step, attributed to balanced reaction energetics for adsorption-desorption of intermediates and favorable charge transfer characteristics for UOR. This work offers a new paradigm to explore the catalytic properties of rare-earth “f-block” elements to create advanced electrocatalysts via structural modulation. © 2024 Wiley-VCH GmbH.;10.1002/adma.202412173
Regulating the electronic structure of Ni2P by one-step Co, N dual-doping for boosting electrocatalytic performance toward oxygen evolution reaction and urea oxidation reaction;"Kim, M; Min, K; Ko, D; Seong, H; Eun Shim, S; Baeck, S.-H.";2023;"Article; Bifunctional electrocatalysts; Cobalt; Dual doping; Electrocatalyst; Electrocatalysts; Electrocatalytic performance; Electronic structure; Electronic.structure; Energy utilization; Heteroatom doping; Heteroatoms; Hydrogen production; Nickel compounds; Nickel phosphide; Oxidation; Oxidation reactions; Oxygen; Oxygen evolution reaction; Purification; Ruthenium compounds; Synthetic methods; Urea; Urea oxidation reaction; Wastewater purification; catalysis; catalyst; chemical binding; cobalt; crystal structure; current density; electrochemical analysis; electron transport; hydrogen; impedance spectroscopy; inorganic compound; nickel phosphide; nitrogen; oxidation; oxygen enhancement ratio; oxygen evolution; renewable energy; synthesis; unclassified drug; urea; valence (chemistry); waste water management";The development of efficient bifunctional electrocatalysts for oxygen evolution reaction (OER) and urea oxidation reaction (UOR) is critical for hydrogen production and wastewater purification. In this work, we propose a facile synthetic method for Co and N dual-doped Ni2P directly grown on Ni foam (Co-Ni2P-N/NF) using hydrothermal and annealing process. Simultaneous Co and N dual-doping into Ni2P not only modifies the surface electronic structure, but also generates a multitude of active sites with high valence states, which are beneficial for improving electrocatalytic kinetics for both OER and UOR. As a result, the Co-Ni2P-N/NF catalyst exhibits a low overpotential of 329 mV to deliver a current density of 100 mA cm?2 for OER in alkaline solution, which is much lower than that of the state-of-the-art RuO2 electrocatalyst. In addition, the urea-assisted water oxidation process exhibits a significant reduction of approximately 163 mV in the required potential at 100 mA cm?2 compared to that of the OER, which highlights the remarkable potential of the prepared Co-Ni2P-N/NF electrocatalyst in facilitating the purification of wastewater and hydrogen production with significantly lower energy consumption. © 2023 Elsevier Inc.;10.1016/j.jcis.2023.07.158
Hydrogen gas production from sago industry wastewater using electrochemical reactor: Simulation and validation;"Thirugnanasambandham, K; Shine, K";2016;"Analysis of variance (ANOVA); Box–Behnken design; Electrochemical reactor; Electrode surface area; Electrodes; Electrolysis; Gases; Hydrogen gas; Hydrogen production; Operating condition; Optimization; Production of hydrogen; Second-order polynomial; Simulation and validation; Starch; Threedimensional (3-d); electrochemical reactor; hydrogen gas; optimization; sago industry wastewater";This study describes the production of hydrogen gas from sago industry wastewater under varying operating conditions, such as time of electrolysis, electrode surface area, and current intensity. The process was investigated by employing a four-factor three-level Box–Behnken statistical design (BBD). The results were examined using analysis of variance (ANOVA). This study developed a second-order polynomial model and utilized three-dimensional (3D) response graphs to study the interactive effect of process variables on the production of hydrogen gas. The optimum conditions for maximum hydrogen gas production were determined and found to be 45 cm2 for electrode surface area, 22 min for time of electrolysis, and 13 A for current intensity. The predicted hydrogen gas output in optimum conditions was 1.12 mL/L. These results show that it is possible to achieve efficient hydrogen gas production, by electrochemically processing in sago industry wastewater. © 2016 Taylor & Francis Group, LLC.;10.1080/15567036.2016.1174755
Kinetic Parameter Sensitivity in Microbial Electrolysis Cell Performance Modeling;"Demarqui, G S; Felizardo, M P; Tussolini, L; Andrade, L A; Miranda, J C C";2026;;"Microbial Electrolysis Cells (MEC) represent a promising technology for hydrogen production from wastewater, requiring low applied voltages compared to conventional water electrolysis. However, system performance remains limited due to complex microbial interactions, making mathematical modeling essential for process optimization. This work replicates and analyzes the multi-population dynamic model proposed by Pinto et al. (2011), focusing on sensitivity analysis of maximum substrate consumption rates (qmax) for electrogenic, fermentative, and acetoclastic methanogenic microorganisms. Fifteen simulations were conducted, varying each parameter within its respective uncertainty intervals, and sensitivity was quantified using normalized indices. Results revealed a clear hierarchical importance: qmax,e (electrogenic) showed the highest impact with sensitivity indices (Smean) ranging from 3.8 to 6.2 for competitive microbial populations; qmax,f (fermentative) demonstrated transient influence primarily during reactor startup (Smean ranging from 0.65 to 0.78); while qmax,m (methanogenic) affected only anodic methane production (Smean of approximately 0.96). Notably, electrochemical performance variables (current, H2 production) proved robust to all three parameters at steady state, indicating that once the electrogenic biofilm is established, the system exhibits significant operational stability. These findings provide practical guidance for MEC design and operation, identifying qmax,e as the critical parameter requiring precise estimation for accurate prediction of microbial competition dynamics. Copyright © 2026, AIDIC Servizi S.r.l.";10.3303/CET26125017
W-doping induced abundant active sites in a 3D NiS2/MoO2 heterostructure as an efficient electrocatalyst for urea oxidation and hydrogen evolution reaction;"Ligani Fereja, S; Li, P; Zhang, Z; Guo, J; Fang, Z; Li, Z; He, S; Chen, W";2022;"Active site; Bifunctional catalyst; Bifunctional catalysts; Carbon; Catalyst activity; Electrocatalysis; Electrocatalysts; Electrochemicals; Electrolysis; Energy conservation; Energy utilization; H 2 production; H<sub>2</sub> production; Heterojunction; Heterojunctions; Hydrogen evolution reaction; Hydrogen evolution reactions; Hydrogen production; Metabolism; Molybdenum oxide; Nickel compounds; Overpotential; Oxidation reactions; Urea; Urea electrolyse; Urea electrolysis; W-doping; Wastewater treatment; Water splitting";Electrochemical water splitting, including the anodic oxygen evolution reaction (OER) and cathodic hydrogen evolution reaction (HER), has been considered an eco-friendly and sustainable hydrogen producing approach. However, due to the slow kinetics and large thermodynamic potential requirements of anodic OER, water splitting process still needs high energy consumption. In this aspect, replacing the OER by urea oxidation reaction (UOR) with low thermodynamic potentials can endow opportunity for less energy consumption for hydrogen production. At the same time, the electrochemical UOR offers a good access to treat urea-rich waste water. As the anodic UOR involves a 6e? transfer process, it needs high-performance and low-cost electrocatalysts to boost the efficiency. Herein, through W doping, we fabricated a 3D NiS2/MoO2 hybrid heterostructure grown on conductive carbon cloth (W-NiS2/MoO2@CC). Due to the W-induced abundant active sites, the as-fabricated W-NiS2/MoO2@CC demonstrates excellent bifunctional catalytic activities toward UOR and HER with very low potentials of 1.3 V and 52 mV to drive 10 mA cm?2, respectively. More importantly, benefiting from the combined merits of the hybrid heterojunction of NiS2 and MoO2, W-doping and the 3D porous structure grown on conductive carbon cloth support, the catalyst exhibits highly efficient catalytic performance towards a urea electrolytic cell (HER||UOR). Substantially, reduced cell voltage of 1.372 V is required to achieve a current density of 10 mA cm?2, which is 230 mV lower than that of conventional water electrolysis. In the meantime, the catalyst shows excellent stability with ignorable degradation of current density for 24 h. This work provides an effective catalyst design strategy for energy-saving electrochemical H2 production. © 2021 Elsevier B.V.;10.1016/j.cej.2021.134274
Influence of Nickel molybdate nanocatalyst for enhancing biohydrogen production in microbial electrolysis cell utilizing sugar industrial effluent;"Jayabalan, T; Matheswaran, M; Radhakrishnan, T K; Naina Mohamed, S";2021;"Article; Bio-electrochemical; Bio-hydrogen production; Bioelectric Energy Sources; COD removal efficiency; Catalyst activity; Cathodes; Efficiency; Effluents; Electrochemical characterizations; Electrodes; Electrolysis; Electrolytic cells; Favorable conditions; Hydrogen; Hydrogen production; Hydrogen production rate; Industrial effluent; Microbial communities; Microbial electrolysis cell; Microbial fuel cells; Molybdenum; Nanocatalysts; Nickel; Nickel compounds; Nickel molybdate; Regenerative fuel cells; Sewage; Substrates; Sugar industry; Sugar industry wastewater; Sugars; antimicrobial activity; batch process; bioenergy; biofuel; biohydrogen; buffer; carbohydrate; catalysis; catalyst; chemical reaction; concentration (composition); controlled study; current density; degradation; effluent; electrochemical analysis; electrochemical method; electrode; electrolysis; foam; fuel cell; graphite; hydrogen; hydrogen evolution; industrial effluent; industrial waste; inorganic compound; microbial activity; microbial community; microbial electrolysis cell; microbial fuel cell; molybdenum; molybdic acid; nanocatalyst; nickel; phosphate; platinum electrode; priority journal; sugar; sugar industry; synthesis; unclassified drug; waste water";Biohydrogen production in Microbial Electrolysis Cell (MEC) had inspired the researchers to overcome the challenges associated towards sustainability. Despite microbial community and various substrates, economical cathode catalyst development is most significant factor for enhancing hydrogen production in the MEC. Hence, in this study, the performance of MEC was investigated with a sugar industry effluent (COD 4200 ± 20 mg/L) with graphite anode and modified Nickel foam (NF) cathode. Nickel molybdate (NiMoO4) coated NF achieved a higher hydrogen production rate 0.12 ± 0.01 L.L?1D?1 as compared to control under favorable conditions. Electrochemical characterizations demonstrated that the improved catalytic activity of novel nanocatalyst with lower impedance favoring faster hydrogen evolution kinetics. The MEC with the novel catalyst performed with 58.2% coloumbic efficiency, 20.36% cathodic hydrogen recovery, 11.96% overall hydrogen recovery and 54.38% COD removal efficiency for a 250 mL substrate during 5 days’ batch cycle. Hence, the potentiality of modified cathode was established with the real time industrial effluent highlighting the waste to wealth bio-electrochemical technology. © 2020 Elsevier Ltd;10.1016/j.biortech.2020.124284
Highly Conductive Non-Calcined 2D Cu0.3Co0.7 Bimetallic-Organic Framework for Urea Electrolysis in Simulated Seawater;"Sanati, S; Cordes, D B; Slawin, A M Z; Qian, J; Abazari, R";2025;"Bimetallics; Bioremediation; Clean energy; Energy demands; Energy generations; Energy-consumption; Hydrogen Energy; Negative ions; Organics; Overpotential; Oxidation reactions; Potassium hydroxide; Ruthenium alloys; Ruthenium compounds; Seawater; Simulated seawaters; Urea electrodes; article; catalyst; current density; electrolysis; energy consumption; foam; hydrogen; hydrogen evolution reaction; oxidation; pH electrode; sea water; simulation; urea; working electrode";Global clean energy demands can be effectively addressed using the promising approach of hydrogen energy generation combined with less energy consumption. Hydrogen can be generated, and urea-rich wastewater pollution can be mitigated in a low-energy manner using the urea oxidation reaction (UOR). This paper seeks to assemble a unique electrocatalyst of a pristine 2D MOF, [Co(HBTC)(DMF)]n (Co-MUM-3), from 1,3,5-benzenetricarboxylate (BTC) to oxidize urea in simulated seawater. Ni foam (NF)-based working electrodes were fabricated by incorporating a series of heterometallic CuCo-MUM-3 frameworks (Cu0.1Co0.9-MUM-3, Cu0.2Co0.8-MUM-3, Cu0.3Co0.7-MUM-3, and Cu0.4Co0.6-MUM-3), after which their application in the urea oxidation reaction was examined. A very low required overpotential [1.26 V vs reversible hydrogen electrode (RHE) in 1 M KOH + 0.5 M NaCl (simulated seawater) + 0.33 M urea] and a Tafel slope of 112 mV dec-1 could be observed for the Cu0.3Co0.7-MUM-3 electrocatalyst, ensuring the achievement of urea electro-oxidation and hydrogen evolution reactions at a corresponding 10 mA cm-2 electrocatalytic current density. A relatively lower overpotential will be evident compared to other reported pristine MOFs, outperforming the commercial catalyst RuO2 (1.41 V at 10 mA cm-2, 131 mV dec-1) and ensuring considerable stability at significantly high current densities for a minimum of 72 h. © 2024 American Chemical Society.;10.1021/acs.inorgchem.4c05162
